sender_id,receiver_id,corrected,value
294,58,1,3.0
14,55,1,2.0
34,296,1,1.0
165,58,1,3.0
159,195,1,4.0
47,58,1,3.0
101,165,1,3.0
34,187,1,2.0
53,61,0,4.0
39,58,1,0.0
132,324,0,3.0
62,86,1,3.0
271,267,1,3.0
247,133,0,3.0
132,324,0,3.0
62,70,1,2.0
101,102,1,3.0
101,267,1,2.0
123,30,1,1.0
132,8,0,3.0
247,58,0,3.0
101,238,1,2.0
101,58,1,3.0
101,154,1,3.0
169,165,0,3.0
166,291,1,1.0
154,165,1,2.0
101,93,1,2.0
57,109,1,3.0
101,70,1,3.0
34,58,1,1.0
170,207,0,3.0
192,31,1,3.0
280,287,1,4.0
123,107,1,4.0
247,132,0,4.0
34,149,1,1.0
194,154,1,4.0
170,165,1,3.0
132,261,0,3.0
57,78,1,2.0
154,133,1,3.0
132,41,0,2.0
132,58,0,3.0
57,58,1,2.0
101,58,0,4.0
134,133,0,4.0
101,25,1,3.0
132,217,0,3.0
170,253,1,1.0
134,165,1,1.0
60,70,0,4.0
51,165,1,4.0
14,166,1,3.0
219,223,1,1.0
165,132,1,3.0
57,67,0,4.0
57,165,1,3.0
247,315,0,3.0
97,155,1,3.0
34,301,1,2.0
121,187,1,3.0
97,383,1,4.0
192,113,1,3.0
138,25,1,3.0
132,351,0,3.0
165,144,0,1.0
170,30,0,3.0
34,364,0,0.0
247,3,1,3.0
154,165,1,2.0
247,16,1,3.0
109,12,1,3.0
165,154,0,2.0
123,165,1,3.0
120,55,1,3.0
97,165,0,4.0
60,23,0,3.0
132,8,0,3.0
97,58,0,4.0
14,64,1,3.0
57,318,1,2.0
263,427,0,4.0
101,113,1,3.0
34,106,1,1.0
247,31,0,3.0
165,195,1,2.0
154,132,0,3.0
247,58,0,2.0
101,154,1,3.0
129,58,1,2.0
34,189,1,3.0
185,58,0,3.0
132,134,0,2.0
158,195,1,3.0
62,83,1,2.0
34,58,1,2.0
92,114,1,4.0
34,355,1,2.0
165,132,0,4.0
132,58,1,3.0
165,30,1,2.0
34,343,1,1.0
34,236,0,0.0
57,12,1,3.0
30,192,0,3.0
153,25,0,3.0
34,31,1,3.0
34,210,1,1.0
23,47,0,4.0
57,342,1,3.0
164,194,1,3.0
5,389,0,4.0
133,165,1,3.0
101,58,1,2.0
113,14,0,4.0
155,27,1,3.0
165,65,1,2.0
247,408,0,4.0
101,98,0,3.0
34,149,1,2.0
111,25,1,3.0
52,30,1,2.0
247,16,1,3.0
247,315,1,3.0
101,191,1,1.0
123,207,1,2.0
431,206,1,2.0
101,34,1,3.0
34,269,1,0.0
101,111,0,4.0
5,333,1,3.0
19,25,0,3.0
132,58,1,2.0
101,195,0,4.0
34,325,1,3.0
185,165,1,4.0
52,58,1,2.0
0,68,0,4.0
247,312,1,2.0
268,58,0,4.0
166,165,1,1.0
226,296,0,2.0
247,58,1,3.0
247,328,1,3.0
62,43,1,2.0
101,154,1,3.0
101,109,1,3.0
165,107,1,3.0
165,134,0,1.0
61,53,1,3.0
34,53,1,2.0
5,194,1,3.0
247,165,0,4.0
247,58,0,3.0
180,207,1,4.0
34,236,0,0.0
174,34,1,1.0
34,246,1,1.0
174,44,1,1.0
62,57,1,2.0
57,58,1,2.0
247,355,1,3.0
109,114,1,3.0
247,58,1,2.0
51,53,1,3.0
247,184,0,4.0
170,326,1,3.0
247,175,0,3.0
115,133,1,3.0
55,58,1,3.0
174,287,0,4.0
165,296,1,2.0
280,251,1,3.0
247,58,1,3.0
54,57,1,2.0
154,134,0,4.0
247,362,1,3.0
132,358,1,3.0
101,107,1,3.0
92,32,0,4.0
120,58,1,3.0
165,195,1,2.0
109,114,1,4.0
14,66,1,3.0
165,30,1,1.0
214,287,1,2.0
132,287,1,2.0
247,19,1,3.0
34,44,1,3.0
165,195,1,3.0
170,207,1,2.0
101,58,1,3.0
79,51,0,4.0
34,61,1,2.0
19,264,1,3.0
62,70,1,3.0
124,34,0,4.0
247,313,0,3.0
34,19,1,4.0
62,31,1,3.0
267,296,1,2.0
97,58,0,4.0
192,175,0,4.0
247,406,1,4.0
120,34,1,3.0
120,30,1,1.0
123,120,1,2.0
0,266,0,4.0
166,276,1,1.0
97,130,1,2.0
154,30,1,1.0
34,260,0,0.0
140,58,1,2.0
55,74,0,3.0
34,113,0,4.0
120,113,0,4.0
172,134,0,4.0
206,180,1,4.0
133,165,1,3.0
34,153,1,2.0
132,326,0,3.0
158,130,1,3.0
214,132,1,3.0
165,30,1,1.0
165,164,1,3.0
247,12,0,4.0
111,25,1,3.0
101,34,1,3.0
34,58,1,2.0
97,165,0,4.0
97,379,1,3.0
221,58,1,3.0
34,101,1,3.0
174,34,1,3.0
34,161,1,2.0
192,296,0,1.0
109,30,1,1.0
192,195,1,2.0
57,34,0,2.0
247,251,0,3.0
14,165,1,4.0
133,69,1,4.0
101,138,1,3.0
3,247,0,4.0
39,205,0,0.0
60,134,0,4.0
101,165,1,3.0
185,165,1,4.0
34,134,1,3.0
154,133,1,1.0
101,34,0,4.0
132,12,0,3.0
34,58,1,1.0
165,8,1,2.0
185,129,1,3.0
165,184,1,2.0
107,296,0,4.0
34,287,1,1.0
192,58,1,2.0
3,179,0,3.0
132,58,0,3.0
34,0,1,1.0
140,30,1,3.0
109,58,1,3.0
97,287,0,4.0
34,355,1,2.0
101,195,1,3.0
34,165,1,1.0
158,153,0,4.0
101,25,1,3.0
247,312,1,3.0
247,129,1,4.0
247,342,1,2.0
294,184,0,4.0
158,165,1,4.0
206,207,1,3.0
52,210,1,3.0
101,192,1,2.0
61,60,1,3.0
267,386,1,1.0
132,228,0,2.0
165,107,0,1.0
132,351,0,3.0
14,44,1,3.0
165,149,1,2.0
154,165,0,3.0
166,342,1,3.0
247,58,1,3.0
59,53,0,3.0
34,104,1,2.0
132,394,1,2.0
34,129,1,2.0
107,350,0,4.0
154,165,0,3.0
247,419,1,3.0
132,313,0,2.0
134,58,1,2.0
99,180,1,3.0
185,129,1,2.0
101,34,1,3.0
132,237,1,3.0
247,291,1,3.0
226,324,1,3.0
97,351,1,4.0
34,269,1,1.0
158,133,0,4.0
57,291,1,1.0
166,312,1,3.0
247,58,0,3.0
57,30,1,2.0
122,31,1,3.0
101,154,1,3.0
132,58,1,2.0
34,402,1,3.0
165,171,0,2.0
101,30,1,3.0
140,129,1,3.0
57,165,1,2.0
172,180,0,4.0
4,60,0,4.0
165,264,1,2.0
101,8,1,2.0
247,326,1,3.0
184,206,0,4.0
166,58,1,1.0
101,165,0,4.0
80,25,1,2.0
132,165,0,2.0
247,360,1,4.0
34,342,1,3.0
101,19,1,3.0
101,30,0,2.0
30,165,1,1.0
101,99,1,3.0
5,120,0,4.0
34,58,1,1.0
170,180,1,1.0
97,269,1,2.0
62,35,1,3.0
111,93,1,2.0
34,312,1,2.0
134,14,0,4.0
101,109,0,4.0
192,287,0,3.0
133,53,0,4.0
140,19,1,3.0
97,34,1,3.0
158,195,1,3.0
170,278,1,1.0
55,14,0,3.0
165,37,1,2.0
132,165,0,3.0
165,166,1,2.0
154,165,0,4.0
30,165,1,1.0
165,195,1,2.0
226,16,1,3.0
247,16,1,3.0
30,180,1,0.0
132,58,0,2.0
57,93,1,2.0
101,34,1,3.0
34,169,1,0.0
144,34,1,3.0
60,70,0,4.0
34,111,1,3.0
111,53,1,3.0
97,57,1,3.0
140,58,1,2.0
97,31,1,3.0
97,58,1,2.0
34,113,1,3.0
34,246,1,0.0
132,351,1,2.0
247,58,0,4.0
92,99,1,2.0
132,351,0,4.0
101,58,1,3.0
237,39,0,4.0
30,166,1,3.0
132,58,0,3.0
101,97,0,4.0
165,101,0,1.0
34,318,1,1.0
73,165,0,4.0
57,39,0,4.0
52,114,1,3.0
3,157,1,3.0
132,247,0,4.0
5,287,0,4.0
34,304,1,2.0
34,299,1,1.0
237,44,1,3.0
57,354,1,2.0
107,118,1,3.0
226,58,1,3.0
123,286,1,2.0
129,58,1,2.0
34,194,1,0.0
170,247,1,2.0
14,17,0,4.0
34,166,1,4.0
57,351,1,3.0
247,343,1,1.0
165,154,1,2.0
176,165,0,4.0
132,165,0,2.0
25,133,0,3.0
159,192,1,3.0
113,14,1,4.0
165,269,1,2.0
133,170,1,3.0
134,19,0,4.0
57,349,1,3.0
33,74,0,3.0
34,19,1,3.0
34,246,1,0.0
132,81,0,3.0
57,34,0,4.0
134,130,1,2.0
57,178,1,3.0
109,0,1,3.0
60,427,0,4.0
101,44,1,3.0
123,3,0,4.0
39,426,1,1.0
45,165,0,3.0
50,53,0,4.0
165,30,0,0.0
267,355,1,1.0
132,326,1,3.0
140,266,1,1.0
165,43,1,1.0
30,175,1,3.0
62,34,1,2.0
107,165,1,3.0
247,58,0,3.0
226,58,1,3.0
30,58,1,2.0
132,392,0,3.0
14,53,1,2.0
247,296,0,3.0
294,165,1,3.0
39,23,0,4.0
101,133,1,3.0
185,166,0,4.0
5,157,0,4.0
57,342,1,2.0
0,267,0,4.0
132,308,1,4.0
57,427,1,3.0
57,31,1,3.0
134,133,1,1.0
165,30,0,1.0
165,58,1,2.0
247,58,1,3.0
53,74,0,4.0
107,19,1,3.0
170,165,0,4.0
165,171,0,3.0
96,346,1,2.0
247,342,1,3.0
113,34,0,4.0
114,109,0,4.0
247,58,1,3.0
247,207,0,2.0
57,31,1,3.0
60,37,0,4.0
62,70,1,3.0
191,144,1,1.0
214,269,1,2.0
159,8,0,4.0
165,44,1,2.0
175,266,1,2.0
140,267,1,2.0
19,134,0,4.0
52,165,1,4.0
34,205,0,0.0
3,426,1,3.0
247,287,0,3.0
101,51,1,2.0
30,129,1,3.0
34,269,1,1.0
132,12,1,2.0
247,291,1,3.0
247,351,1,2.0
101,236,1,2.0
34,139,1,2.0
247,58,1,3.0
123,247,0,4.0
60,55,0,4.0
267,16,1,3.0
57,51,1,2.0
155,25,0,4.0
237,170,0,4.0
57,376,1,2.0
247,58,0,3.0
97,140,1,4.0
101,30,1,3.0
101,8,0,4.0
123,3,1,4.0
165,170,0,4.0
247,16,1,2.0
185,207,0,4.0
247,360,1,4.0
123,165,0,4.0
132,165,0,3.0
174,313,1,2.0
14,60,1,3.0
165,58,1,3.0
140,31,1,3.0
108,58,1,3.0
247,178,0,3.0
99,33,1,4.0
154,180,1,2.0
34,120,1,3.0
247,3,1,2.0
57,31,1,3.0
55,60,0,3.0
34,296,1,1.0
247,351,1,3.0
420,432,1,3.0
47,46,1,3.0
34,19,1,3.0
101,206,1,1.0
97,121,1,3.0
51,74,1,2.0
45,296,0,3.0
34,165,1,3.0
132,359,0,3.0
123,207,1,3.0
165,30,1,3.0
132,351,1,2.0
101,44,1,2.0
111,67,1,3.0
247,289,1,3.0
34,313,1,2.0
121,165,0,4.0
192,165,0,3.0
247,3,1,2.0
247,360,1,3.0
34,122,1,3.0
62,51,1,3.0
34,266,1,1.0
132,58,0,3.0
154,159,1,1.0
145,165,0,4.0
101,117,1,3.0
165,195,1,2.0
57,165,1,3.0
132,165,0,3.0
34,188,1,1.0
192,268,1,3.0
247,376,1,3.0
165,180,0,3.0
247,31,1,2.0
140,165,0,4.0
247,58,0,3.0
111,125,1,3.0
132,165,0,3.0
60,145,0,4.0
63,165,1,3.0
132,12,1,3.0
165,134,1,2.0
134,165,1,2.0
83,70,0,4.0
34,58,1,2.0
132,213,1,2.0
247,166,1,3.0
140,30,1,2.0
247,246,1,3.0
247,58,1,3.0
101,25,1,3.0
97,269,1,2.0
247,355,1,2.0
165,269,1,2.0
170,58,1,2.0
174,96,1,2.0
34,25,0,3.0
19,8,0,4.0
176,165,0,4.0
172,184,0,4.0
52,30,1,2.0
226,51,0,4.0
247,325,1,3.0
60,96,0,4.0
5,360,1,3.0
61,166,1,4.0
165,210,1,2.0
123,58,1,3.0
132,296,0,2.0
132,291,0,3.0
170,223,1,1.0
132,313,0,3.0
247,351,1,3.0
237,30,0,4.0
123,31,1,3.0
34,312,1,2.0
92,118,1,3.0
132,58,1,2.0
132,351,0,4.0
30,58,0,2.0
34,180,1,3.0
101,98,1,1.0
34,260,1,1.0
47,223,1,3.0
247,166,1,3.0
99,153,1,3.0
60,107,0,4.0
57,58,1,3.0
132,165,0,4.0
57,395,1,3.0
34,260,0,0.0
267,333,1,2.0
132,317,0,3.0
247,362,1,3.0
132,303,0,3.0
247,351,1,3.0
44,128,0,4.0
14,127,1,3.0
101,206,1,2.0
247,342,1,2.0
63,61,1,3.0
34,364,0,0.0
97,58,1,4.0
165,34,1,2.0
132,268,1,2.0
107,378,1,3.0
10,55,1,3.0
123,34,0,4.0
247,16,1,2.0
132,58,1,3.0
113,34,0,4.0
101,30,1,2.0
247,344,0,3.0
3,204,1,3.0
101,70,1,3.0
34,266,1,1.0
101,185,1,3.0
5,44,1,4.0
132,58,0,4.0
247,292,1,2.0
5,19,1,4.0
170,165,0,4.0
132,175,0,3.0
57,58,1,2.0
97,144,0,4.0
159,58,0,4.0
306,300,1,3.0
60,61,0,4.0
192,165,1,3.0
34,19,1,1.0
247,326,0,3.0
125,98,1,3.0
133,134,1,2.0
158,153,0,3.0
34,44,1,2.0
34,238,1,2.0
165,207,1,2.0
247,360,1,3.0
165,216,0,3.0
247,287,0,3.0
14,60,0,4.0
128,134,1,3.0
113,34,1,4.0
154,185,0,3.0
267,58,1,2.0
113,34,0,4.0
57,31,1,3.0
14,299,1,2.0
132,165,0,3.0
132,58,0,3.0
166,244,1,4.0
101,58,1,3.0
101,129,1,3.0
52,30,1,3.0
185,25,1,3.0
34,315,1,4.0
53,77,1,2.0
101,58,1,3.0
123,165,1,3.0
132,165,0,3.0
34,326,1,2.0
247,337,1,2.0
109,58,1,3.0
140,30,1,2.0
247,16,1,1.0
97,31,0,4.0
10,60,1,2.0
52,58,1,3.0
62,96,1,3.0
132,165,0,3.0
132,223,1,2.0
221,231,0,4.0
247,58,0,3.0
132,342,1,2.0
267,58,1,2.0
154,99,1,2.0
121,296,0,3.0
123,130,1,2.0
113,165,1,3.0
34,19,1,2.0
132,129,0,2.0
97,165,0,4.0
97,360,1,4.0
45,58,0,2.0
109,113,1,3.0
52,57,1,3.0
30,247,1,2.0
132,129,1,2.0
34,246,1,1.0
165,287,0,2.0
34,350,1,3.0
132,58,1,3.0
5,324,1,3.0
5,121,0,4.0
165,58,1,2.0
132,8,1,3.0
34,39,0,4.0
113,8,0,4.0
132,16,0,3.0
280,292,0,3.0
34,343,1,1.0
154,185,1,2.0
101,58,1,2.0
57,34,1,3.0
226,326,0,3.0
132,312,0,3.0
132,58,1,3.0
30,269,0,0.0
84,114,0,4.0
97,58,1,4.0
101,34,1,3.0
107,53,1,2.0
5,327,1,3.0
165,182,0,1.0
123,244,1,1.0
97,58,1,4.0
132,58,0,3.0
247,333,1,3.0
132,165,1,3.0
34,322,1,2.0
3,58,1,3.0
111,138,0,4.0
132,296,0,3.0
101,164,1,3.0
166,58,1,2.0
154,165,0,3.0
165,166,0,4.0
132,58,1,2.0
14,47,0,4.0
154,25,0,3.0
123,247,1,4.0
101,159,1,3.0
34,269,0,0.0
144,165,1,4.0
14,60,1,3.0
132,58,0,3.0
101,30,1,2.0
34,12,1,2.0
132,350,0,4.0
34,266,1,1.0
247,325,0,4.0
247,58,1,3.0
154,134,1,3.0
247,58,1,3.0
172,134,1,3.0
165,215,0,2.0
138,187,1,3.0
34,140,1,2.0
247,58,0,3.0
101,30,0,3.0
165,140,1,4.0
34,269,0,0.0
60,204,0,3.0
247,354,1,2.0
3,233,1,3.0
170,209,1,1.0
14,110,1,4.0
34,31,1,2.0
123,247,0,4.0
247,174,0,3.0
3,202,1,3.0
154,165,0,4.0
107,166,0,4.0
34,211,1,1.0
34,53,1,2.0
97,159,1,4.0
133,14,1,1.0
114,19,1,4.0
247,310,0,3.0
108,335,1,3.0
34,162,1,4.0
34,256,1,1.0
140,207,1,2.0
5,58,1,3.0
5,360,1,3.0
34,266,1,0.0
132,215,0,3.0
132,165,0,3.0
165,133,1,2.0
132,420,0,3.0
122,154,1,3.0
166,326,1,3.0
247,325,1,1.0
166,20,1,3.0
125,53,1,2.0
165,215,1,2.0
135,130,1,4.0
101,58,1,3.0
52,165,1,4.0
101,120,1,3.0
57,34,0,4.0
165,44,1,2.0
60,55,0,4.0
101,8,1,2.0
101,5,1,3.0
101,154,1,3.0
166,382,1,4.0
247,58,1,3.0
154,30,0,3.0
192,166,0,3.0
5,379,1,3.0
34,391,1,1.0
101,30,1,3.0
51,168,1,3.0
247,58,1,1.0
165,154,1,3.0
267,287,1,3.0
62,154,1,1.0
247,276,1,3.0
132,12,0,3.0
34,165,1,2.0
66,165,1,1.0
34,352,1,2.0
267,166,0,4.0
123,195,1,3.0
159,134,1,3.0
133,162,1,1.0
140,169,1,2.0
247,58,1,3.0
123,225,1,3.0
34,195,1,1.0
165,170,1,2.0
106,165,0,4.0
113,14,0,4.0
132,217,0,2.0
247,359,0,3.0
165,162,0,3.0
101,58,1,2.0
166,58,1,2.0
132,58,0,3.0
114,165,0,4.0
247,16,1,4.0
57,101,1,2.0
57,58,1,3.0
62,79,1,3.0
30,58,1,3.0
101,109,1,2.0
107,123,0,3.0
4,38,1,1.0
109,8,1,3.0
160,172,0,4.0
433,58,1,4.0
34,347,1,1.0
7,210,1,2.0
101,109,0,3.0
132,165,0,3.0
170,129,1,2.0
132,298,0,2.0
165,107,1,3.0
165,66,0,1.0
140,58,1,2.0
158,166,0,4.0
267,58,0,2.0
34,326,1,2.0
34,308,1,1.0
60,61,0,4.0
62,79,1,2.0
132,261,1,2.0
192,277,1,3.0
109,91,1,3.0
14,58,1,2.0
247,291,1,1.0
97,367,1,3.0
34,58,1,2.0
132,165,0,3.0
14,133,1,3.0
123,34,0,4.0
247,184,1,2.0
165,96,0,4.0
97,165,1,3.0
5,58,0,4.0
32,86,1,3.0
39,294,1,0.0
123,214,1,3.0
123,194,1,1.0
165,162,1,3.0
52,98,1,3.0
247,427,1,2.0
172,133,0,4.0
101,44,1,2.0
433,263,0,4.0
101,30,1,2.0
101,195,1,3.0
14,133,1,3.0
101,30,1,2.0
158,154,0,4.0
132,417,0,4.0
60,61,0,4.0
97,66,0,4.0
34,315,1,2.0
123,269,1,1.0
37,42,0,4.0
66,118,1,2.0
113,157,1,2.0
165,180,0,1.0
154,133,1,2.0
57,34,0,4.0
59,98,0,2.0
226,351,1,3.0
51,53,1,3.0
34,19,1,1.0
45,174,0,4.0
97,273,0,4.0
247,132,0,4.0
34,316,1,0.0
165,127,0,3.0
111,25,1,3.0
132,165,0,4.0
185,165,0,4.0
57,354,1,2.0
258,140,0,4.0
51,75,1,3.0
221,132,1,2.0
165,207,1,2.0
34,58,1,1.0
5,278,1,4.0
101,5,1,3.0
3,290,1,3.0
108,246,1,2.0
5,58,1,3.0
247,324,0,3.0
101,120,1,3.0
57,426,1,3.0
34,21,1,4.0
21,58,0,1.0
101,125,0,4.0
170,165,1,3.0
5,301,1,3.0
132,351,0,3.0
226,351,1,3.0
34,165,1,1.0
158,165,0,4.0
165,192,1,2.0
170,129,1,2.0
165,185,1,2.0
120,44,1,3.0
165,154,1,2.0
165,296,1,2.0
133,165,1,1.0
80,19,0,3.0
247,19,1,3.0
170,58,1,2.0
165,157,1,2.0
34,61,1,2.0
185,47,0,4.0
132,165,0,4.0
97,58,1,3.0
34,355,1,3.0
34,266,1,1.0
57,374,1,2.0
97,396,1,4.0
101,195,1,3.0
14,389,1,3.0
101,133,1,2.0
123,165,0,4.0
101,207,0,4.0
123,157,1,2.0
168,170,0,4.0
247,360,0,4.0
113,34,0,4.0
132,158,1,1.0
30,231,1,3.0
101,158,1,2.0
247,16,1,3.0
57,236,1,0.0
57,12,1,2.0
165,195,1,2.0
25,96,1,2.0
123,165,1,4.0
247,340,1,3.0
247,161,1,2.0
172,134,0,4.0
57,14,1,1.0
247,8,0,3.0
132,165,0,4.0
226,58,1,3.0
97,287,0,4.0
113,264,1,2.0
113,34,0,4.0
101,8,1,3.0
154,165,1,2.0
165,229,1,2.0
158,251,1,2.0
101,145,1,3.0
39,399,0,0.0
132,51,1,1.0
132,165,0,3.0
165,286,1,2.0
34,168,1,1.0
101,44,1,1.0
62,34,1,4.0
34,269,1,0.0
123,195,0,4.0
34,194,1,1.0
247,269,0,1.0
80,4,0,2.0
133,315,0,4.0
235,133,1,3.0
47,53,1,3.0
123,169,1,3.0
132,312,0,3.0
247,58,0,3.0
247,371,1,3.0
132,165,0,3.0
132,342,0,3.0
226,342,1,3.0
29,420,1,3.0
192,180,0,4.0
97,34,0,4.0
132,414,1,2.0
101,134,1,2.0
247,324,0,3.0
52,192,1,3.0
101,58,1,2.0
159,180,1,2.0
132,165,0,4.0
132,58,0,4.0
165,31,1,2.0
63,60,0,4.0
123,58,1,4.0
34,113,0,4.0
62,3,1,3.0
97,34,1,4.0
101,187,1,1.0
132,223,0,2.0
34,393,1,2.0
97,253,1,3.0
5,246,1,2.0
51,79,1,3.0
97,165,1,3.0
34,39,0,4.0
97,206,1,3.0
158,30,1,1.0
247,246,1,3.0
165,58,1,2.0
34,267,1,2.0
187,165,1,3.0
34,244,1,1.0
170,34,0,4.0
57,0,1,3.0
113,47,0,4.0
51,185,1,3.0
3,255,0,4.0
247,351,1,2.0
170,165,0,4.0
39,58,1,1.0
30,165,1,1.0
34,30,0,4.0
101,129,1,3.0
97,183,1,4.0
165,169,1,2.0
30,31,1,2.0
3,418,0,4.0
109,99,1,3.0
121,180,0,4.0
210,129,1,2.0
123,30,1,4.0
59,134,0,3.0
101,34,1,3.0
34,373,0,0.0
247,58,1,3.0
247,165,0,3.0
62,70,1,2.0
34,14,1,3.0
185,30,1,2.0
165,225,1,2.0
166,96,1,2.0
165,195,1,2.0
267,309,1,2.0
111,165,1,2.0
247,346,1,3.0
34,133,1,2.0
267,58,1,2.0
5,58,0,3.0
52,30,0,2.0
132,165,0,3.0
34,194,1,1.0
97,25,1,3.0
247,351,1,2.0
113,34,0,4.0
132,58,0,2.0
174,58,1,2.0
101,8,1,2.0
5,340,1,3.0
97,121,1,4.0
111,407,1,1.0
34,373,0,0.0
165,58,1,1.0
132,58,0,4.0
165,31,1,4.0
214,133,1,2.0
170,133,1,4.0
132,51,0,3.0
154,34,0,3.0
165,58,1,1.0
165,224,1,3.0
34,150,1,1.0
185,30,1,3.0
97,165,0,4.0
165,129,1,2.0
247,165,0,4.0
184,165,1,3.0
34,99,0,1.0
247,19,0,4.0
247,327,0,3.0
34,58,1,2.0
101,34,1,3.0
180,58,1,2.0
192,58,1,2.0
129,58,1,3.0
166,162,1,3.0
101,31,0,4.0
52,134,0,4.0
3,231,1,3.0
97,390,1,3.0
132,312,1,2.0
19,39,0,3.0
101,58,1,3.0
166,165,1,3.0
19,36,0,2.0
34,166,1,2.0
120,61,1,3.0
101,264,1,2.0
57,183,1,3.0
34,126,1,1.0
226,58,1,3.0
133,165,1,3.0
165,195,1,2.0
52,95,1,2.0
34,244,1,2.0
109,44,1,3.0
294,319,1,3.0
132,19,0,3.0
123,120,1,3.0
140,58,1,2.0
247,287,0,3.0
34,149,1,2.0
132,58,0,3.0
113,39,0,4.0
247,366,1,1.0
34,25,1,3.0
121,166,0,4.0
166,165,0,4.0
247,244,0,3.0
140,58,0,3.0
34,329,1,2.0
237,30,0,4.0
101,209,1,2.0
132,165,0,3.0
51,79,1,3.0
14,61,1,3.0
187,30,1,3.0
144,165,1,4.0
101,58,1,2.0
123,195,1,2.0
34,58,1,3.0
101,58,0,3.0
111,53,1,2.0
294,312,1,3.0
34,205,1,0.0
101,154,1,3.0
247,58,1,3.0
247,126,1,2.0
166,360,1,3.0
37,19,0,1.0
97,165,1,2.0
158,34,1,3.0
101,170,1,3.0
138,165,1,3.0
62,83,1,3.0
109,38,1,4.0
166,129,1,2.0
133,165,1,1.0
247,165,0,3.0
34,14,1,2.0
34,162,1,3.0
14,49,1,2.0
154,165,0,3.0
101,122,1,3.0
247,58,1,3.0
226,264,1,3.0
165,66,1,4.0
140,275,1,2.0
60,165,1,1.0
14,61,1,3.0
247,58,0,2.0
247,31,0,3.0
97,162,1,3.0
247,165,0,3.0
57,166,1,2.0
101,109,1,3.0
62,70,1,3.0
194,214,1,4.0
101,58,1,2.0
34,308,1,1.0
101,5,1,4.0
57,291,1,2.0
165,19,1,3.0
247,241,1,2.0
166,129,1,2.0
247,12,1,3.0
32,14,1,3.0
247,244,0,3.0
101,154,1,3.0
5,78,0,4.0
101,201,1,2.0
101,8,1,3.0
121,259,1,2.0
247,269,0,3.0
165,268,1,4.0
113,39,0,4.0
247,303,0,3.0
170,134,1,1.0
101,34,1,3.0
247,351,1,3.0
123,165,1,4.0
57,233,1,2.0
247,260,0,3.0
5,351,1,3.0
165,164,1,3.0
132,157,0,3.0
170,266,1,2.0
165,133,1,1.0
34,58,1,2.0
34,67,1,4.0
132,207,0,3.0
60,64,1,4.0
165,195,1,1.0
247,221,0,2.0
247,338,1,3.0
57,377,1,3.0
101,34,1,3.0
247,340,1,3.0
192,165,1,3.0
34,316,1,0.0
3,246,1,2.0
192,34,0,4.0
214,133,1,3.0
101,109,1,3.0
30,225,1,2.0
30,129,1,2.0
96,34,1,3.0
34,149,1,1.0
237,58,1,3.0
97,31,1,3.0
192,238,1,3.0
34,39,0,4.0
247,58,0,3.0
34,330,1,4.0
101,180,1,3.0
132,12,0,2.0
247,326,1,3.0
172,287,0,4.0
45,285,0,2.0
34,3,1,2.0
34,113,1,3.0
132,12,1,2.0
247,58,1,2.0
132,8,0,3.0
140,195,0,3.0
5,16,1,4.0
57,34,1,3.0
34,269,1,1.0
57,60,1,3.0
34,134,1,2.0
170,31,1,2.0
280,321,0,4.0
34,205,1,0.0
111,23,1,3.0
14,19,1,3.0
247,142,1,1.0
247,351,1,3.0
34,186,1,3.0
5,352,1,3.0
132,296,1,2.0
280,58,0,4.0
132,58,1,2.0
165,154,0,2.0
133,50,1,2.0
34,166,1,4.0
132,326,1,2.0
34,58,1,2.0
158,154,1,3.0
114,58,1,4.0
59,99,0,3.0
165,30,0,1.0
34,30,1,2.0
101,313,1,3.0
134,99,1,2.0
165,170,1,2.0
52,34,0,4.0
51,134,0,3.0
30,271,1,3.0
247,373,1,2.0
51,53,1,1.0
247,19,1,2.0
5,16,1,3.0
123,58,1,3.0
101,154,1,3.0
134,165,1,1.0
165,185,1,2.0
185,8,0,4.0
30,231,0,3.0
165,285,1,2.0
247,342,1,3.0
114,8,0,4.0
123,170,0,4.0
34,96,1,1.0
165,229,0,4.0
34,89,1,2.0
30,236,0,0.0
247,12,0,2.0
14,57,1,3.0
60,127,0,4.0
24,120,0,4.0
165,121,1,2.0
247,19,0,3.0
247,19,1,3.0
129,58,1,2.0
132,165,0,4.0
132,287,1,2.0
165,30,1,0.0
123,165,0,4.0
62,154,1,1.0
14,32,1,4.0
34,236,0,0.0
34,165,1,2.0
165,30,1,2.0
120,44,1,4.0
132,58,1,2.0
5,342,0,4.0
92,198,1,2.0
154,132,0,3.0
34,207,1,1.0
267,324,1,2.0
247,195,0,2.0
60,71,0,4.0
132,58,0,3.0
97,30,0,4.0
247,129,0,3.0
47,133,1,3.0
132,258,0,3.0
247,147,0,3.0
14,144,1,2.0
97,247,1,3.0
101,206,0,4.0
247,342,1,2.0
39,205,0,0.0
34,58,1,2.0
30,58,1,3.0
247,388,1,3.0
247,16,1,3.0
192,31,1,3.0
132,75,1,2.0
129,58,1,2.0
247,407,1,3.0
135,130,1,4.0
165,31,1,3.0
113,14,0,4.0
113,34,0,4.0
97,58,1,3.0
132,342,1,3.0
34,269,1,1.0
247,58,1,3.0
101,3,1,3.0
52,12,1,2.0
154,133,1,3.0
117,34,1,4.0
101,170,1,3.0
60,70,1,3.0
123,207,1,4.0
34,266,1,0.0
47,294,1,2.0
132,165,0,3.0
51,53,0,4.0
165,233,1,2.0
34,51,1,2.0
19,158,0,4.0
132,165,0,3.0
60,103,0,4.0
101,30,1,3.0
101,98,0,4.0
57,424,1,2.0
101,195,1,2.0
34,205,0,0.0
192,247,0,4.0
123,34,0,4.0
52,96,1,3.0
53,11,0,4.0
3,381,1,3.0
34,174,1,3.0
165,178,1,1.0
57,44,1,2.0
123,287,1,3.0
97,30,0,4.0
247,312,1,3.0
57,31,1,3.0
170,140,1,2.0
5,308,1,3.0
165,192,1,1.0
107,162,0,3.0
154,134,1,2.0
165,187,1,1.0
34,329,1,1.0
32,78,1,2.0
247,351,1,2.0
5,330,1,3.0
247,378,0,3.0
34,19,1,2.0
14,66,1,1.0
165,192,1,2.0
101,8,1,3.0
92,99,1,3.0
97,148,1,3.0
101,8,1,3.0
132,58,0,3.0
99,159,1,4.0
132,247,0,3.0
271,186,1,3.0
39,399,0,0.0
172,165,0,4.0
185,165,0,4.0
101,98,0,4.0
129,134,1,2.0
47,58,1,4.0
247,360,1,3.0
132,58,1,2.0
97,284,1,3.0
34,59,1,2.0
192,30,0,3.0
34,120,1,1.0
97,34,1,3.0
113,34,0,4.0
170,58,0,3.0
132,58,1,3.0
113,39,0,4.0
155,25,1,4.0
154,133,1,2.0
19,36,0,3.0
132,38,1,2.0
49,14,1,4.0
192,170,1,3.0
125,53,1,2.0
123,165,0,4.0
30,140,0,4.0
101,195,1,3.0
134,165,1,2.0
96,296,1,2.0
132,218,1,2.0
132,376,0,3.0
61,64,1,3.0
121,165,0,4.0
132,58,0,3.0
247,12,1,2.0
57,429,1,3.0
60,63,0,4.0
111,23,1,3.0
185,192,0,4.0
34,113,1,2.0
101,8,1,3.0
165,30,1,4.0
170,154,0,3.0
128,165,1,4.0
132,58,1,3.0
34,14,1,3.0
101,120,1,3.0
101,109,1,2.0
154,165,0,4.0
97,267,1,2.0
159,165,0,4.0
165,58,1,1.0
34,219,1,0.0
123,3,1,3.0
57,31,0,4.0
60,10,0,4.0
165,236,1,2.0
34,347,1,0.0
247,184,1,2.0
62,74,1,2.0
34,354,1,1.0
237,47,0,4.0
165,144,1,1.0
132,165,1,3.0
123,127,0,4.0
57,58,1,2.0
101,185,1,2.0
19,106,1,3.0
101,59,1,2.0
107,118,1,3.0
154,165,0,3.0
109,19,1,4.0
34,25,1,3.0
118,175,0,4.0
39,126,1,1.0
63,165,1,2.0
165,30,1,1.0
165,58,1,2.0
132,296,0,3.0
34,236,0,0.0
34,291,1,1.0
155,130,1,3.0
247,58,1,3.0
134,133,1,3.0
271,267,1,2.0
57,351,1,3.0
101,19,1,2.0
14,135,1,2.0
34,19,1,2.0
57,355,1,2.0
62,34,1,2.0
125,98,1,3.0
165,162,1,3.0
154,30,1,2.0
60,93,0,4.0
166,165,1,4.0
97,267,1,2.0
263,427,1,4.0
60,61,0,4.0
165,153,1,2.0
34,421,1,1.0
158,165,0,4.0
30,90,1,3.0
187,165,1,3.0
34,169,1,1.0
62,58,1,3.0
34,139,1,3.0
247,12,1,3.0
185,166,1,3.0
101,133,1,3.0
120,30,1,2.0
247,184,1,3.0
154,58,0,3.0
121,296,1,2.0
34,269,0,0.0
5,387,1,3.0
101,107,1,3.0
97,266,1,4.0
30,211,1,3.0
121,250,1,2.0
133,164,1,1.0
165,34,0,1.0
34,140,1,2.0
34,111,1,4.0
34,47,0,4.0
109,113,1,3.0
247,416,1,2.0
121,58,1,2.0
14,47,0,4.0
53,77,0,4.0
192,279,0,3.0
34,266,1,1.0
158,165,0,4.0
34,180,1,1.0
247,268,0,3.0
247,329,1,4.0
280,58,0,4.0
14,57,1,3.0
62,53,1,2.0
44,180,0,3.0
166,354,1,2.0
165,154,0,0.0
39,130,0,0.0
57,44,1,2.0
97,183,1,3.0
97,247,1,3.0
237,165,0,4.0
123,30,0,4.0
165,180,1,2.0
247,207,0,3.0
97,58,1,3.0
180,165,1,4.0
180,218,1,2.0
226,310,1,3.0
247,19,1,2.0
192,34,1,4.0
132,165,0,3.0
33,84,0,2.0
14,42,1,1.0
57,107,1,2.0
247,58,0,3.0
247,58,1,2.0
30,58,1,2.0
123,58,1,1.0
165,154,1,2.0
165,195,0,2.0
66,206,0,0.0
57,427,1,3.0
192,269,1,2.0
101,200,1,2.0
154,25,0,3.0
34,16,1,3.0
69,67,0,4.0
34,165,1,3.0
170,301,1,2.0
80,57,1,3.0
132,165,0,3.0
14,267,1,3.0
138,165,1,3.0
154,195,0,3.0
34,318,1,1.0
34,359,1,3.0
123,58,0,4.0
154,8,1,2.0
101,51,1,3.0
34,269,0,0.0
132,164,0,2.0
267,58,1,3.0
34,130,0,0.0
159,165,0,4.0
165,209,1,1.0
120,34,1,4.0
34,185,1,2.0
165,195,1,2.0
154,180,1,2.0
34,57,1,2.0
62,83,1,3.0
57,60,1,3.0
166,388,1,3.0
134,99,1,3.0
101,30,1,2.0
101,58,1,2.0
132,133,1,2.0
34,144,1,2.0
34,16,1,2.0
132,420,0,4.0
34,260,0,0.0
97,34,0,4.0
247,157,0,2.0
128,133,1,4.0
123,30,1,3.0
247,291,1,2.0
34,320,1,2.0
187,165,1,3.0
247,402,1,3.0
258,165,0,4.0
247,147,0,3.0
101,30,1,3.0
165,129,1,1.0
247,355,1,3.0
101,34,0,4.0
34,233,1,1.0
192,30,0,4.0
154,30,0,3.0
19,273,1,3.0
170,247,1,2.0
238,247,1,2.0
14,133,1,3.0
166,8,1,3.0
192,34,0,4.0
45,19,0,2.0
170,154,1,3.0
51,171,1,3.0
101,31,1,3.0
132,16,1,3.0
52,8,1,3.0
134,123,1,3.0
247,353,1,3.0
132,402,0,4.0
247,367,1,2.0
34,31,1,3.0
101,58,1,3.0
165,210,0,4.0
101,107,1,4.0
128,30,1,3.0
165,31,1,3.0
238,427,0,2.0
159,165,0,4.0
132,165,1,3.0
415,421,0,2.0
165,162,0,2.0
165,154,0,2.0
109,8,1,4.0
132,324,0,2.0
34,287,1,2.0
52,165,0,4.0
101,34,1,1.0
34,129,1,2.0
5,58,1,3.0
57,28,1,3.0
101,184,1,2.0
34,267,1,1.0
132,326,1,2.0
192,162,0,4.0
107,165,0,4.0
170,185,0,4.0
247,12,1,3.0
247,331,1,3.0
133,130,1,1.0
185,175,1,4.0
166,360,1,4.0
165,192,1,2.0
57,165,1,3.0
34,164,1,2.0
97,333,1,4.0
134,164,1,2.0
247,3,0,3.0
247,312,1,3.0
195,30,1,2.0
34,14,1,2.0
34,236,0,0.0
132,397,0,3.0
113,34,1,2.0
44,5,0,4.0
170,253,1,2.0
34,236,0,0.0
57,165,1,3.0
97,384,1,3.0
113,34,0,4.0
247,58,1,3.0
165,185,1,3.0
247,246,1,1.0
57,15,1,3.0
180,247,1,3.0
84,51,0,4.0
109,98,1,3.0
267,136,1,3.0
132,313,0,4.0
19,267,1,3.0
34,58,1,3.0
132,58,1,2.0
30,58,1,3.0
101,58,1,2.0
34,326,1,3.0
101,99,1,2.0
165,166,1,1.0
66,165,1,1.0
101,30,1,2.0
62,57,1,3.0
138,165,1,3.0
101,25,0,3.0
34,96,1,1.0
57,113,1,3.0
165,58,1,4.0
123,165,1,3.0
128,30,1,3.0
166,392,1,3.0
172,129,0,3.0
34,327,1,2.0
109,44,0,4.0
133,165,1,2.0
123,192,1,3.0
34,31,1,2.0
247,347,1,0.0
134,133,0,4.0
185,180,1,3.0
109,8,1,3.0
247,3,0,2.0
60,61,0,4.0
34,364,0,0.0
247,96,1,2.0
154,165,0,4.0
124,34,1,3.0
164,134,0,3.0
34,315,1,4.0
159,30,0,4.0
34,321,1,1.0
129,207,1,1.0
165,170,1,4.0
62,31,1,2.0
34,308,1,2.0
166,165,1,3.0
170,428,1,2.0
91,122,0,4.0
140,247,1,2.0
34,373,0,0.0
154,201,0,3.0
57,58,1,2.0
34,373,0,0.0
123,164,1,3.0
34,170,1,2.0
134,165,1,3.0
57,395,1,2.0
132,404,0,3.0
247,166,0,4.0
132,165,1,3.0
34,266,1,1.0
165,134,1,2.0
155,133,0,4.0
210,165,1,4.0
247,321,0,3.0
158,165,0,4.0
132,165,0,4.0
113,34,0,4.0
132,41,0,3.0
154,8,0,3.0
132,165,0,3.0
52,165,0,4.0
34,19,1,2.0
97,9,1,3.0
34,269,1,0.0
34,233,1,1.0
144,33,1,2.0
247,291,1,2.0
247,165,0,2.0
34,0,1,2.0
165,58,1,2.0
14,11,1,2.0
176,165,0,3.0
32,113,1,3.0
34,364,0,0.0
123,269,1,2.0
52,53,1,3.0
247,162,1,3.0
60,12,0,4.0
97,58,1,3.0
97,360,1,4.0
165,170,1,4.0
165,247,1,2.0
34,264,1,0.0
247,344,1,3.0
132,165,1,3.0
34,394,1,3.0
60,53,0,4.0
51,160,1,3.0
247,58,0,3.0
247,351,1,3.0
34,129,1,2.0
34,27,1,1.0
5,58,1,4.0
165,219,1,1.0
117,114,1,2.0
34,58,1,2.0
132,165,0,3.0
107,58,1,3.0
132,19,0,3.0
154,165,0,3.0
101,120,1,1.0
97,31,1,4.0
158,165,0,4.0
62,78,1,2.0
165,195,1,2.0
170,31,1,3.0
14,53,1,3.0
433,165,1,3.0
101,30,1,3.0
47,324,1,3.0
154,165,0,3.0
63,61,1,3.0
247,410,1,2.0
34,236,0,0.0
132,8,0,3.0
267,378,1,2.0
247,8,0,3.0
4,23,0,4.0
159,165,1,1.0
165,19,1,2.0
247,409,1,3.0
114,98,1,2.0
57,8,1,2.0
57,34,1,3.0
267,378,1,3.0
34,51,0,3.0
237,58,1,4.0
101,34,1,2.0
59,146,0,3.0
97,58,1,3.0
134,133,1,2.0
14,63,0,3.0
101,34,0,4.0
267,12,1,1.0
3,22,1,3.0
101,58,1,3.0
166,165,1,3.0
96,166,1,3.0
165,8,1,2.0
101,107,1,3.0
96,44,1,3.0
39,109,1,3.0
129,12,1,3.0
140,247,1,3.0
132,165,0,3.0
109,34,0,4.0
62,31,1,3.0
97,9,1,4.0
132,165,0,3.0
192,30,0,4.0
101,58,1,2.0
154,169,0,4.0
123,165,0,4.0
34,373,0,0.0
165,288,1,1.0
140,264,1,2.0
123,3,0,4.0
47,61,1,3.0
247,3,1,3.0
132,58,1,2.0
187,165,0,4.0
3,11,1,3.0
44,113,0,4.0
166,121,1,2.0
109,38,1,3.0
5,9,0,4.0
224,223,1,2.0
62,93,1,2.0
14,138,1,3.0
101,34,1,3.0
113,39,0,4.0
19,118,0,4.0
132,184,0,2.0
140,169,1,2.0
132,165,1,3.0
52,165,0,4.0
101,34,1,2.0
109,114,1,3.0
34,58,1,2.0
247,184,1,2.0
120,109,1,3.0
34,23,1,3.0
101,195,1,3.0
55,98,1,2.0
113,39,0,4.0
101,58,1,3.0
165,196,1,2.0
170,34,1,2.0
170,232,0,3.0
73,313,1,3.0
107,117,1,3.0
57,19,1,3.0
101,12,1,3.0
247,16,1,2.0
134,133,1,2.0
101,158,1,3.0
36,23,0,3.0
34,25,1,3.0
134,130,1,1.0
101,121,1,2.0
113,14,0,4.0
224,30,1,3.0
192,34,0,4.0
247,350,0,4.0
51,187,1,3.0
165,31,1,2.0
33,42,0,2.0
165,237,1,3.0
34,58,1,1.0
154,165,0,3.0
165,195,1,1.0
34,269,1,0.0
101,185,1,2.0
34,60,1,2.0
62,19,1,2.0
57,58,1,3.0
34,364,0,0.0
34,58,1,2.0
170,140,1,3.0
165,264,1,2.0
117,58,1,2.0
154,210,0,3.0
101,93,1,2.0
185,165,1,4.0
14,180,1,3.0
192,140,0,4.0
60,109,0,4.0
175,180,0,4.0
101,154,0,4.0
97,165,0,4.0
154,195,0,3.0
107,165,0,3.0
295,58,1,1.0
247,12,0,3.0
113,34,0,4.0
101,58,1,2.0
78,53,1,3.0
101,93,1,3.0
60,55,0,4.0
247,58,0,3.0
121,154,0,3.0
158,30,1,3.0
60,53,0,4.0
34,284,0,1.0
34,333,1,3.0
70,55,0,4.0
34,25,0,3.0
97,165,0,4.0
132,402,0,3.0
47,133,1,2.0
132,325,0,3.0
294,165,1,4.0
158,165,0,4.0
271,267,1,2.0
34,296,1,1.0
103,98,1,3.0
14,23,0,4.0
132,267,0,2.0
140,268,0,3.0
34,63,1,2.0
55,60,1,3.0
113,39,0,4.0
34,199,1,0.0
185,58,1,4.0
165,208,1,2.0
63,58,1,2.0
132,165,0,3.0
226,269,1,2.0
34,246,1,0.0
166,312,0,4.0
111,53,1,2.0
165,134,0,2.0
5,339,1,3.0
5,58,0,4.0
111,133,1,3.0
101,165,1,3.0
132,207,0,2.0
247,165,1,2.0
168,134,0,1.0
192,19,0,2.0
55,66,1,2.0
46,23,0,4.0
247,363,1,3.0
132,165,0,3.0
34,184,1,2.0
52,217,1,3.0
165,192,1,2.0
247,277,0,2.0
84,51,0,4.0
192,231,0,3.0
191,165,1,2.0
165,30,1,2.0
34,58,1,2.0
34,166,1,2.0
247,326,0,3.0
101,133,1,3.0
180,218,1,3.0
165,158,1,1.0
57,391,1,1.0
175,247,1,3.0
165,39,1,2.0
132,185,0,3.0
133,169,1,1.0
132,133,0,2.0
109,44,1,3.0
247,233,0,2.0
57,53,1,3.0
99,155,1,3.0
132,165,0,3.0
247,3,1,2.0
166,165,1,3.0
52,96,0,3.0
165,201,1,2.0
165,58,1,2.0
247,8,0,3.0
57,58,1,2.0
165,111,1,1.0
45,51,0,2.0
34,302,1,1.0
180,149,1,2.0
165,159,1,3.0
180,58,1,3.0
165,207,1,2.0
34,321,1,2.0
165,19,1,3.0
52,30,0,2.0
158,165,0,4.0
62,63,1,3.0
97,165,1,4.0
166,44,1,2.0
45,269,0,1.0
113,34,0,4.0
165,39,1,2.0
158,34,1,3.0
132,308,0,3.0
247,284,0,3.0
165,195,1,2.0
109,31,0,4.0
101,34,1,3.0
92,27,1,2.0
165,44,1,2.0
32,47,1,3.0
165,207,1,3.0
247,347,0,1.0
62,53,1,2.0
165,134,0,4.0
247,291,1,2.0
99,182,1,4.0
92,101,0,4.0
107,109,1,3.0
172,134,1,3.0
101,107,1,2.0
170,165,0,4.0
51,84,1,3.0
51,74,1,3.0
121,168,1,0.0
113,269,1,0.0
175,149,1,3.0
192,34,1,3.0
121,231,1,2.0
247,12,1,2.0
101,14,1,3.0
30,58,0,3.0
192,285,1,3.0
132,282,0,3.0
172,165,1,3.0
97,287,1,3.0
132,165,0,3.0
123,175,0,4.0
34,281,1,1.0
121,296,1,1.0
34,129,1,3.0
97,19,1,4.0
165,58,1,2.0
52,205,1,2.0
57,267,1,3.0
165,162,0,2.0
154,166,0,4.0
144,172,1,4.0
61,149,1,3.0
165,154,0,2.0
111,392,1,2.0
132,165,0,4.0
132,183,1,3.0
247,207,0,4.0
133,165,1,2.0
170,207,1,3.0
61,34,0,4.0
34,84,1,1.0
34,44,1,1.0
57,80,1,3.0
144,25,1,3.0
192,165,1,1.0
132,354,1,2.0
192,8,0,4.0
34,19,1,2.0
14,58,1,3.0
101,160,1,3.0
30,247,1,2.0
165,66,1,1.0
47,34,0,4.0
154,165,0,4.0
154,215,0,3.0
70,58,1,3.0
5,354,1,3.0
34,135,1,1.0
158,154,0,4.0
60,59,0,3.0
62,89,1,2.0
181,165,0,4.0
165,119,1,3.0
158,165,0,4.0
101,30,1,2.0
34,31,1,2.0
170,97,1,2.0
51,14,1,3.0
192,30,1,3.0
34,101,1,3.0
107,113,1,3.0
34,246,1,0.0
182,134,1,3.0
96,44,1,2.0
170,154,1,2.0
165,269,1,2.0
165,161,0,1.0
3,100,1,2.0
34,58,1,2.0
34,269,1,0.0
153,25,0,4.0
4,61,1,2.0
62,84,1,1.0
134,93,1,3.0
30,267,1,3.0
47,129,1,3.0
101,195,1,3.0
34,0,1,3.0
120,51,1,3.0
132,350,0,3.0
154,180,0,3.0
34,128,1,3.0
34,109,1,2.0
247,326,1,3.0
57,58,1,2.0
165,44,1,1.0
267,324,1,3.0
34,39,0,4.0
34,366,1,1.0
96,307,1,2.0
34,346,1,1.0
247,12,1,3.0
132,165,0,4.0
62,84,1,2.0
34,38,1,2.0
154,165,1,2.0
165,133,1,2.0
247,165,0,4.0
134,30,0,4.0
3,144,1,3.0
34,312,1,2.0
101,122,1,3.0
101,185,1,3.0
101,154,1,2.0
132,58,1,3.0
101,31,1,3.0
144,134,1,1.0
52,102,1,3.0
247,325,0,3.0
5,342,1,3.0
192,165,1,3.0
166,165,0,4.0
192,169,1,1.0
97,105,1,3.0
3,258,0,4.0
5,101,0,4.0
52,165,1,3.0
34,91,1,1.0
185,207,0,4.0
165,158,1,2.0
280,284,0,4.0
153,133,0,4.0
140,256,1,2.0
101,166,1,2.0
34,329,1,2.0
5,333,1,4.0
165,132,1,2.0
5,390,1,3.0
271,340,1,3.0
34,165,1,3.0
45,165,1,3.0
34,303,1,2.0
5,19,1,3.0
140,132,1,2.0
83,89,1,3.0
267,58,1,2.0
226,342,1,3.0
97,287,0,4.0
25,99,1,3.0
101,195,1,3.0
57,165,1,2.0
19,58,1,3.0
34,194,1,1.0
165,31,1,1.0
120,58,0,4.0
101,313,1,2.0
226,282,1,2.0
34,264,1,2.0
34,61,1,2.0
159,101,0,4.0
247,16,1,3.0
14,30,1,2.0
165,191,1,1.0
14,114,1,3.0
247,161,1,2.0
174,58,1,0.0
166,129,0,4.0
97,342,1,4.0
132,165,0,2.0
140,208,1,3.0
97,277,1,3.0
34,205,0,0.0
109,92,1,4.0
101,31,1,3.0
170,165,1,2.0
165,58,0,2.0
45,165,0,3.0
97,106,1,4.0
154,30,0,3.0
66,53,1,3.0
3,242,0,3.0
237,165,0,4.0
101,195,1,3.0
165,39,0,3.0
172,217,0,4.0
97,327,1,3.0
187,165,1,3.0
70,3,0,3.0
132,165,0,4.0
101,104,1,3.0
132,310,1,2.0
14,60,1,3.0
5,58,1,3.0
34,335,1,2.0
170,123,0,4.0
57,350,1,3.0
30,180,0,3.0
47,58,0,4.0
170,165,0,4.0
103,113,0,4.0
101,30,1,3.0
34,58,1,2.0
165,144,1,2.0
97,67,0,4.0
60,98,0,4.0
133,140,1,2.0
107,58,1,2.0
97,144,1,4.0
101,107,1,2.0
247,58,0,4.0
140,244,1,2.0
124,44,1,3.0
134,165,0,4.0
247,152,0,3.0
101,3,1,3.0
247,3,1,3.0
247,31,0,2.0
150,134,1,3.0
14,53,1,3.0
120,5,0,4.0
57,354,1,2.0
113,34,0,4.0
170,269,1,0.0
57,16,1,3.0
101,229,1,2.0
132,165,0,3.0
53,70,1,3.0
247,58,1,3.0
132,165,0,2.0
34,58,1,2.0
132,354,1,2.0
34,102,1,3.0
34,61,1,2.0
97,372,1,3.0
138,187,1,3.0
166,129,1,3.0
165,196,1,2.0
3,239,0,4.0
165,51,0,2.0
247,58,1,3.0
247,58,0,3.0
7,206,1,0.0
170,180,1,3.0
132,58,1,3.0
107,237,1,3.0
165,43,1,1.0
60,25,0,4.0
247,58,1,3.0
132,58,1,3.0
159,122,1,3.0
34,134,1,3.0
247,353,1,2.0
247,206,0,3.0
140,58,1,3.0
14,31,1,3.0
247,58,1,3.0
247,16,1,3.0
101,165,1,3.0
247,317,0,3.0
30,129,1,3.0
267,333,1,4.0
34,186,1,1.0
165,30,1,2.0
34,12,1,2.0
34,175,1,3.0
34,169,1,1.0
165,8,0,3.0
172,25,0,4.0
57,34,1,3.0
34,292,1,1.0
165,287,1,1.0
165,287,1,1.0
120,58,0,4.0
123,267,0,4.0
191,165,1,3.0
57,340,1,3.0
166,96,1,1.0
165,169,0,4.0
226,58,1,3.0
101,58,1,3.0
165,266,1,2.0
34,96,1,0.0
101,30,1,3.0
132,388,1,2.0
165,30,1,2.0
101,120,1,3.0
123,195,1,3.0
174,31,1,3.0
158,195,0,4.0
101,58,1,3.0
34,342,1,1.0
97,31,1,4.0
34,269,1,0.0
34,58,1,2.0
107,351,0,2.0
111,165,1,2.0
34,125,1,3.0
34,258,1,2.0
123,3,1,3.0
110,98,1,3.0
34,379,1,2.0
34,109,1,2.0
14,111,1,3.0
154,180,1,2.0
238,149,0,4.0
247,58,1,3.0
134,165,0,4.0
5,287,1,1.0
170,134,1,1.0
132,58,1,2.0
97,289,1,3.0
158,130,1,2.0
34,100,1,1.0
111,165,1,3.0
109,113,1,2.0
123,34,0,4.0
62,51,1,2.0
62,58,1,3.0
226,165,0,4.0
140,58,1,2.0
34,252,0,4.0
280,294,0,4.0
25,134,0,4.0
247,312,0,4.0
117,113,1,4.0
181,205,1,2.0
97,134,1,3.0
14,2,1,3.0
247,432,1,3.0
3,12,1,3.0
185,58,1,3.0
158,58,1,1.0
247,58,1,3.0
154,165,0,3.0
114,58,1,4.0
34,55,1,3.0
123,165,1,2.0
108,324,1,3.0
101,47,1,3.0
123,269,1,2.0
45,58,0,1.0
68,59,1,3.0
3,243,1,3.0
25,134,0,3.0
107,120,0,4.0
30,165,1,2.0
118,14,0,4.0
120,107,1,3.0
132,244,1,2.0
226,38,1,3.0
165,195,1,3.0
108,354,1,3.0
3,236,1,3.0
247,427,1,4.0
59,134,0,3.0
129,58,1,3.0
97,312,0,4.0
113,39,0,4.0
34,58,1,1.0
34,301,1,1.0
247,352,0,3.0
60,109,0,4.0
101,134,1,3.0
128,165,1,4.0
34,27,1,1.0
101,30,1,4.0
101,187,1,2.0
219,157,0,1.0
154,187,1,2.0
30,165,1,3.0
101,30,1,3.0
165,269,0,0.0
45,310,0,2.0
34,237,1,3.0
3,231,1,3.0
247,289,1,2.0
280,287,0,4.0
192,282,1,3.0
63,72,1,4.0
433,3,1,3.0
170,207,1,1.0
57,244,1,2.0
132,201,0,3.0
165,19,1,1.0
57,324,1,3.0
134,130,1,2.0
165,195,1,2.0
47,61,1,3.0
60,67,0,4.0
132,287,0,4.0
5,58,1,3.0
57,165,0,4.0
165,12,1,2.0
52,70,0,3.0
14,0,0,4.0
132,58,0,3.0
113,109,0,4.0
158,19,0,4.0
73,291,1,3.0
247,367,1,2.0
158,58,1,2.0
14,133,1,3.0
96,188,1,2.0
34,134,1,2.0
114,107,1,3.0
132,58,1,3.0
84,134,0,4.0
101,116,1,3.0
165,58,1,2.0
63,67,0,4.0
247,366,1,2.0
33,74,0,2.0
134,127,0,4.0
165,164,0,2.0
108,376,1,3.0
101,195,1,3.0
21,67,0,4.0
166,287,1,3.0
132,165,0,3.0
132,58,0,3.0
132,165,0,2.0
57,21,1,2.0
57,107,1,2.0
48,58,1,2.0
134,130,1,2.0
57,262,1,3.0
21,58,1,3.0
120,44,1,3.0
170,134,1,3.0
101,30,1,3.0
170,303,1,1.0
154,138,1,1.0
48,165,1,3.0
34,259,0,0.0
128,165,1,4.0
66,165,1,3.0
132,58,0,2.0
38,53,0,3.0
60,53,0,3.0
170,206,1,3.0
97,393,1,3.0
5,58,1,3.0
121,238,1,2.0
165,58,1,2.0
238,250,0,3.0
185,58,0,4.0
122,25,0,4.0
132,298,0,3.0
271,165,1,3.0
14,46,0,3.0
107,70,1,3.0
34,30,1,3.0
121,58,1,2.0
132,268,1,3.0
101,51,1,3.0
32,19,1,3.0
132,213,0,3.0
61,149,0,4.0
123,30,0,3.0
170,134,0,3.0
132,418,0,3.0
107,5,0,4.0
174,105,1,0.0
165,195,1,3.0
60,67,0,4.0
34,190,1,2.0
62,34,1,1.0
123,58,1,3.0
123,3,0,4.0
52,207,0,4.0
123,37,1,2.0
165,238,1,3.0
39,246,0,0.0
107,284,0,4.0
57,31,1,2.0
5,427,1,4.0
154,165,0,3.0
132,342,1,3.0
420,57,0,3.0
132,287,1,2.0
101,159,1,3.0
34,46,1,2.0
34,266,1,0.0
420,432,0,3.0
132,165,0,3.0
172,134,1,3.0
52,217,1,3.0
158,30,0,4.0
247,129,1,3.0
138,3,0,3.0
62,89,1,2.0
154,165,1,1.0
165,164,1,2.0
166,360,1,4.0
247,269,0,3.0
123,34,0,4.0
164,165,0,4.0
247,354,1,3.0
247,265,1,4.0
57,421,1,1.0
154,165,0,3.0
165,210,1,2.0
62,58,1,3.0
132,19,0,3.0
111,48,1,3.0
165,8,1,2.0
53,0,1,3.0
166,342,1,1.0
132,58,0,4.0
97,165,0,4.0
165,30,1,2.0
97,266,1,2.0
165,31,1,3.0
37,19,1,1.0
107,139,1,3.0
267,287,0,4.0
166,180,1,3.0
132,374,0,4.0
154,134,1,3.0
132,165,0,4.0
34,106,1,2.0
154,170,1,3.0
237,165,1,4.0
132,378,1,2.0
120,128,0,4.0
159,195,0,4.0
133,67,1,3.0
101,162,0,4.0
34,168,1,3.0
73,313,1,4.0
97,333,0,4.0
19,272,1,4.0
170,132,0,2.0
101,44,1,2.0
165,58,1,2.0
34,329,1,1.0
97,58,1,3.0
132,351,1,3.0
247,374,0,4.0
39,326,1,2.0
247,310,0,3.0
62,53,1,2.0
113,34,0,4.0
101,58,1,3.0
165,287,1,3.0
247,402,1,2.0
34,58,1,1.0
34,121,1,2.0
0,39,0,4.0
44,32,0,4.0
21,320,1,3.0
101,109,1,2.0
101,58,1,2.0
101,193,0,4.0
247,58,1,3.0
165,66,0,1.0
192,58,1,3.0
247,58,1,2.0
170,209,1,2.0
134,123,1,3.0
34,98,1,2.0
247,410,1,3.0
133,315,1,2.0
123,165,0,4.0
15,37,0,2.0
247,352,1,3.0
132,58,0,4.0
34,205,1,0.0
97,374,0,4.0
247,287,0,3.0
113,34,1,4.0
165,44,1,2.0
165,8,1,3.0
62,96,1,1.0
107,120,0,4.0
34,233,1,1.0
154,184,1,3.0
57,107,1,3.0
101,229,1,3.0
247,58,1,2.0
247,357,1,1.0
154,158,1,3.0
132,31,0,3.0
34,310,1,1.0
165,195,0,2.0
34,194,1,0.0
34,264,1,1.0
192,293,1,3.0
14,25,1,4.0
19,34,0,4.0
14,98,1,3.0
132,58,1,3.0
114,308,1,4.0
97,134,1,3.0
34,342,1,1.0
166,162,1,4.0
247,342,1,3.0
101,25,1,3.0
132,58,1,2.0
247,19,1,2.0
57,51,1,2.0
57,183,1,3.0
165,44,1,2.0
61,74,1,4.0
185,229,0,4.0
207,206,0,4.0
0,36,0,4.0
34,107,1,3.0
101,18,1,3.0
101,58,1,3.0
132,165,0,3.0
154,206,1,0.0
14,165,1,3.0
34,170,0,4.0
101,34,1,1.0
52,165,0,4.0
48,22,0,4.0
132,305,0,3.0
34,96,1,1.0
62,78,1,2.0
34,342,1,1.0
247,388,1,3.0
140,58,0,3.0
247,20,1,3.0
159,30,1,3.0
101,58,1,3.0
138,153,1,3.0
433,12,1,3.0
52,180,1,2.0
132,351,1,3.0
132,421,1,2.0
132,365,0,3.0
45,186,0,3.0
34,407,1,1.0
267,287,1,3.0
34,347,1,2.0
101,34,1,3.0
247,296,0,3.0
133,134,1,2.0
97,58,1,4.0
165,31,0,4.0
132,376,0,3.0
247,360,1,2.0
247,58,0,3.0
0,140,0,4.0
34,16,1,3.0
165,8,1,2.0
37,44,1,2.0
101,58,0,2.0
165,195,1,2.0
185,47,0,4.0
124,133,1,3.0
5,32,0,4.0
5,435,1,3.0
97,158,1,2.0
165,170,1,2.0
34,165,1,2.0
280,353,0,4.0
268,58,0,3.0
52,165,0,4.0
132,411,0,4.0
247,19,1,3.0
101,0,1,3.0
101,34,1,3.0
166,58,1,2.0
165,195,1,2.0
84,70,0,4.0
247,326,0,3.0
132,19,0,3.0
101,58,1,3.0
101,125,1,3.0
14,58,1,3.0
159,206,1,1.0
166,58,1,2.0
247,152,0,3.0
3,19,1,3.0
96,326,1,3.0
47,10,1,3.0
34,236,1,1.0
433,238,1,3.0
101,58,1,3.0
96,351,1,3.0
60,66,0,4.0
247,58,1,3.0
101,58,1,2.0
165,187,1,2.0
57,350,1,2.0
32,34,1,4.0
34,373,0,0.0
247,9,0,4.0
34,340,1,3.0
159,184,0,4.0
134,25,1,1.0
165,134,0,1.0
140,233,1,2.0
47,184,1,4.0
158,153,0,3.0
122,165,1,3.0
84,83,1,3.0
108,326,1,3.0
247,246,1,2.0
109,58,1,3.0
166,129,1,3.0
101,12,1,2.0
34,265,1,1.0
166,267,1,4.0
97,210,1,3.0
166,184,1,4.0
132,386,1,3.0
247,406,1,2.0
132,58,0,4.0
154,133,1,2.0
170,217,1,3.0
165,65,1,2.0
107,14,0,4.0
34,231,1,1.0
185,129,1,3.0
62,134,1,2.0
174,34,1,3.0
34,0,1,2.0
123,34,0,4.0
165,19,1,3.0
132,58,0,2.0
132,58,1,2.0
109,34,1,3.0
129,354,1,3.0
101,3,1,3.0
267,325,1,3.0
165,214,1,1.0
45,269,0,1.0
51,53,1,3.0
113,34,0,4.0
247,184,0,2.0
101,31,1,3.0
165,44,1,1.0
101,58,1,2.0
60,165,0,4.0
247,58,1,2.0
3,227,1,3.0
247,289,1,2.0
247,58,0,3.0
132,333,0,3.0
132,165,1,3.0
192,30,0,4.0
21,317,1,3.0
51,88,1,3.0
123,58,1,2.0
165,113,1,3.0
132,351,1,3.0
165,8,1,2.0
170,154,1,3.0
97,34,1,4.0
62,70,1,3.0
37,19,1,2.0
62,95,1,3.0
60,70,0,4.0
420,57,1,3.0
267,178,1,3.0
34,376,1,2.0
6,165,0,4.0
158,156,0,4.0
123,44,1,2.0
247,293,0,2.0
247,58,0,4.0
84,134,1,4.0
101,93,1,2.0
34,347,1,0.0
123,165,1,4.0
165,31,0,2.0
101,34,1,3.0
101,99,1,2.0
247,360,1,2.0
101,44,1,2.0
101,44,1,1.0
14,111,1,3.0
247,347,1,3.0
165,195,1,2.0
34,205,1,0.0
170,58,1,2.0
34,67,1,4.0
168,165,0,4.0
47,60,1,2.0
34,312,1,2.0
165,133,1,3.0
60,134,0,4.0
247,313,0,3.0
34,284,1,1.0
73,30,1,2.0
101,24,1,3.0
34,267,1,2.0
34,30,1,2.0
52,165,0,3.0
57,31,1,2.0
34,207,1,1.0
132,166,1,2.0
237,267,1,4.0
101,58,1,3.0
34,204,1,2.0
132,165,0,4.0
34,296,1,1.0
123,120,0,4.0
101,195,1,2.0
247,19,1,2.0
182,25,0,4.0
247,245,1,3.0
34,84,1,2.0
165,175,1,2.0
30,165,1,2.0
165,201,1,2.0
170,14,1,3.0
34,99,1,2.0
140,186,1,2.0
132,165,0,3.0
165,233,1,3.0
97,236,1,3.0
101,8,1,3.0
114,107,1,2.0
57,3,1,2.0
33,60,0,4.0
192,195,1,3.0
5,324,1,3.0
57,165,1,3.0
247,58,1,1.0
267,58,1,2.0
60,70,0,4.0
237,226,1,4.0
34,205,1,0.0
34,107,1,1.0
134,165,0,4.0
101,34,1,3.0
34,279,1,2.0
97,158,1,1.0
57,31,1,3.0
24,120,1,3.0
101,264,1,3.0
165,0,0,3.0
154,133,0,3.0
172,165,0,4.0
57,351,1,3.0
132,324,0,3.0
132,165,0,3.0
34,30,1,2.0
214,287,1,3.0
154,165,0,3.0
62,96,1,1.0
109,34,0,4.0
165,166,1,2.0
34,61,1,2.0
114,296,1,2.0
154,58,1,2.0
247,58,1,3.0
34,165,1,2.0
34,58,1,1.0
247,360,1,3.0
57,412,1,2.0
117,109,1,3.0
150,134,1,2.0
34,186,1,3.0
30,265,1,3.0
51,187,1,3.0
12,92,1,1.0
247,406,1,3.0
154,153,1,2.0
247,278,1,3.0
101,129,1,3.0
185,209,1,3.0
182,154,0,4.0
133,154,1,1.0
52,30,1,3.0
101,99,1,2.0
109,34,1,3.0
101,223,1,2.0
247,58,0,3.0
180,58,0,4.0
55,70,0,3.0
247,58,1,3.0
34,269,1,0.0
140,58,1,2.0
101,58,1,3.0
34,266,1,1.0
166,192,1,3.0
34,133,1,2.0
166,58,1,2.0
60,53,0,4.0
34,373,0,0.0
60,33,0,3.0
62,79,1,2.0
166,158,1,3.0
166,366,1,2.0
34,58,1,2.0
60,10,1,3.0
84,83,0,4.0
132,58,0,3.0
165,25,0,2.0
39,233,1,1.0
101,195,1,2.0
3,149,1,4.0
159,58,1,3.0
171,169,0,0.0
101,44,1,2.0
113,34,0,4.0
101,109,1,4.0
294,34,1,3.0
34,205,1,0.0
107,358,0,4.0
247,297,0,2.0
34,133,1,2.0
113,34,0,4.0
123,19,1,3.0
175,277,1,3.0
57,19,1,3.0
3,58,1,3.0
97,162,0,4.0
134,124,0,4.0
14,153,1,3.0
134,165,1,2.0
39,269,0,1.0
247,360,1,3.0
165,58,1,2.0
26,25,1,3.0
47,58,1,3.0
107,109,1,3.0
144,44,1,2.0
165,200,1,1.0
123,253,0,4.0
34,31,1,2.0
267,312,1,3.0
51,3,1,3.0
121,165,0,4.0
52,238,1,3.0
144,51,1,3.0
109,39,0,4.0
66,165,1,1.0
267,58,1,3.0
123,25,0,4.0
247,402,0,4.0
160,133,1,4.0
5,58,1,3.0
55,60,1,3.0
165,268,1,3.0
226,296,1,3.0
109,31,1,4.0
52,195,1,3.0
101,109,1,2.0
113,34,1,2.0
107,404,0,4.0
154,182,1,3.0
47,12,1,3.0
97,3,0,4.0
34,58,1,2.0
107,58,1,3.0
247,355,1,3.0
101,196,1,2.0
192,277,1,3.0
168,165,1,2.0
30,129,1,2.0
57,53,1,3.0
34,123,1,1.0
101,117,1,3.0
34,236,0,0.0
247,403,0,4.0
154,165,0,4.0
5,20,0,4.0
107,39,0,4.0
267,58,1,2.0
154,39,0,3.0
34,269,1,0.0
154,165,1,2.0
34,15,1,3.0
132,265,0,2.0
154,30,1,2.0
57,423,1,2.0
101,58,1,2.0
165,162,0,2.0
113,34,0,4.0
5,294,0,4.0
30,129,1,1.0
247,269,0,1.0
62,34,1,2.0
30,154,1,1.0
132,58,1,2.0
132,355,0,4.0
34,133,1,1.0
101,129,1,2.0
247,16,1,3.0
97,165,1,4.0
39,89,1,4.0
247,310,0,3.0
91,98,1,3.0
34,165,1,1.0
247,385,1,1.0
101,122,1,3.0
30,264,1,1.0
66,77,1,1.0
53,93,0,4.0
62,31,1,2.0
34,319,1,1.0
267,19,1,2.0
247,287,0,3.0
101,195,1,2.0
0,58,0,4.0
45,313,0,1.0
34,23,0,3.0
61,23,1,4.0
132,402,0,3.0
5,54,1,3.0
165,19,1,2.0
133,134,1,3.0
170,44,1,0.0
120,107,1,3.0
132,346,1,2.0
247,184,1,2.0
247,365,1,3.0
132,19,0,3.0
101,109,1,3.0
60,25,0,4.0
5,123,0,4.0
34,169,1,1.0
153,147,1,4.0
101,215,1,2.0
52,61,0,3.0
170,165,0,4.0
19,247,0,4.0
3,58,0,4.0
185,210,1,3.0
34,244,1,1.0
174,287,1,3.0
132,165,0,3.0
132,351,0,3.0
132,325,0,3.0
97,342,1,3.0
247,296,1,1.0
34,284,1,1.0
201,30,0,4.0
57,107,1,2.0
34,269,0,0.0
52,118,0,3.0
62,79,1,2.0
154,144,0,3.0
3,182,1,3.0
45,285,0,2.0
57,367,1,2.0
267,58,1,2.0
247,332,1,3.0
247,240,0,3.0
52,207,1,3.0
140,30,1,2.0
170,259,0,0.0
34,188,1,1.0
57,398,1,3.0
5,310,1,2.0
5,394,0,4.0
14,58,1,3.0
247,241,1,3.0
170,164,0,3.0
165,58,0,4.0
107,67,1,4.0
192,44,1,1.0
57,0,1,3.0
165,34,0,2.0
132,58,1,3.0
165,8,1,2.0
271,58,1,3.0
165,44,1,2.0
97,165,1,4.0
33,0,0,4.0
132,58,0,3.0
132,414,1,3.0
165,287,1,2.0
92,180,1,2.0
14,291,1,3.0
34,130,1,1.0
5,19,1,3.0
158,191,1,1.0
247,366,0,3.0
34,128,1,2.0
67,69,1,4.0
62,80,1,3.0
132,58,1,3.0
34,236,0,0.0
226,287,1,3.0
34,58,1,2.0
247,58,1,3.0
232,129,1,2.0
247,58,1,1.0
34,170,1,2.0
34,58,1,2.0
165,194,1,1.0
97,165,0,4.0
247,376,1,2.0
5,313,0,4.0
14,153,1,3.0
34,19,1,3.0
101,30,1,3.0
166,58,1,2.0
57,86,1,2.0
294,34,1,3.0
132,296,0,2.0
34,403,1,1.0
123,12,1,1.0
133,209,1,1.0
131,134,1,3.0
97,58,1,2.0
97,31,1,2.0
185,166,0,4.0
101,120,1,3.0
170,165,0,4.0
165,237,1,3.0
34,312,1,2.0
121,165,0,4.0
247,359,1,2.0
118,175,0,3.0
57,427,1,3.0
57,3,1,2.0
132,165,0,3.0
123,207,1,3.0
97,325,1,4.0
154,25,1,2.0
101,34,1,3.0
132,165,0,4.0
177,414,1,3.0
109,51,0,4.0
57,80,1,3.0
247,58,0,3.0
165,15,0,3.0
97,165,0,4.0
57,366,1,2.0
132,165,0,4.0
21,310,1,1.0
34,36,0,3.0
30,217,0,3.0
14,73,1,3.0
34,238,1,2.0
192,34,0,4.0
154,134,1,3.0
238,217,1,2.0
101,34,1,3.0
101,58,1,2.0
132,58,1,1.0
52,219,1,3.0
108,326,1,3.0
101,113,1,3.0
280,285,1,3.0
120,157,0,4.0
109,11,1,1.0
267,324,0,4.0
34,246,1,1.0
226,163,1,3.0
25,145,1,3.0
57,428,1,3.0
165,39,1,2.0
420,57,0,3.0
34,246,1,1.0
134,19,0,4.0
165,58,1,2.0
247,331,1,2.0
85,31,1,4.0
34,110,1,4.0
34,358,1,3.0
165,34,1,2.0
109,58,1,3.0
101,31,1,3.0
226,165,0,4.0
247,360,1,3.0
166,360,1,4.0
96,246,1,2.0
132,352,0,3.0
192,165,1,3.0
247,311,1,3.0
34,58,1,2.0
132,8,1,2.0
247,333,0,4.0
247,326,1,2.0
57,84,1,3.0
247,133,0,3.0
101,58,1,3.0
413,58,1,3.0
247,58,1,3.0
166,58,1,2.0
34,118,1,2.0
101,30,1,3.0
247,206,0,3.0
34,30,1,2.0
237,34,0,4.0
169,134,0,3.0
132,360,1,3.0
165,58,1,2.0
247,351,1,3.0
107,109,1,3.0
34,58,1,2.0
97,392,1,4.0
34,99,1,2.0
101,44,1,2.0
101,216,1,3.0
34,264,1,2.0
14,30,1,3.0
247,58,1,3.0
34,154,1,2.0
140,58,1,2.0
170,129,1,3.0
238,58,0,3.0
114,44,1,2.0
34,329,1,2.0
51,83,1,3.0
101,31,1,3.0
32,120,1,3.0
14,134,1,1.0
34,129,1,2.0
101,120,1,3.0
170,270,1,2.0
61,63,1,3.0
247,137,1,3.0
57,420,1,3.0
247,360,1,3.0
3,53,0,4.0
134,30,0,4.0
5,134,0,4.0
101,58,1,3.0
174,58,1,3.0
267,287,1,1.0
267,183,1,2.0
267,58,1,3.0
97,217,1,3.0
132,58,0,3.0
101,8,1,3.0
132,12,1,3.0
92,27,1,2.0
247,360,1,4.0
133,210,1,2.0
133,165,1,2.0
57,19,1,2.0
192,30,0,4.0
144,14,1,4.0
166,129,1,1.0
132,134,0,3.0
101,58,1,4.0
34,264,1,1.0
153,269,1,2.0
5,58,1,3.0
34,123,1,2.0
132,420,0,3.0
239,58,1,3.0
214,287,1,3.0
101,34,0,3.0
34,296,1,1.0
34,421,1,0.0
55,60,0,3.0
125,98,1,2.0
133,144,1,2.0
158,154,0,3.0
133,165,1,1.0
125,53,1,3.0
165,180,1,3.0
174,359,0,4.0
144,47,1,4.0
34,303,0,4.0
111,145,0,4.0
57,113,1,3.0
34,107,1,2.0
34,233,1,0.0
154,165,1,2.0
97,266,1,2.0
62,70,1,3.0
34,98,1,2.0
132,165,1,3.0
47,333,1,3.0
101,170,1,3.0
267,291,1,2.0
165,158,0,1.0
101,223,1,2.0
101,181,1,3.0
101,58,1,2.0
62,70,1,3.0
66,78,0,4.0
34,31,1,2.0
247,12,1,3.0
415,421,0,1.0
34,347,1,0.0
34,332,1,2.0
101,129,0,4.0
57,34,1,3.0
67,69,1,4.0
247,326,1,3.0
247,20,1,2.0
34,134,1,2.0
154,153,0,4.0
14,93,1,1.0
109,98,1,3.0
34,322,1,1.0
144,14,1,4.0
129,217,1,2.0
34,231,1,1.0
57,31,1,2.0
166,165,1,3.0
47,16,1,3.0
30,58,1,2.0
140,207,1,2.0
60,53,1,2.0
133,19,1,1.0
165,129,1,2.0
247,58,0,3.0
34,401,0,0.0
111,61,1,3.0
132,165,0,3.0
140,267,1,2.0
166,184,1,3.0
132,192,0,3.0
34,19,1,4.0
165,58,1,2.0
247,58,1,2.0
247,16,1,3.0
96,329,1,2.0
51,167,1,3.0
34,269,1,0.0
132,165,1,3.0
247,332,1,3.0
154,165,0,3.0
14,67,0,4.0
433,425,1,2.0
34,376,1,2.0
114,34,0,4.0
34,205,0,0.0
247,360,1,3.0
140,58,1,2.0
34,421,0,0.0
221,132,1,3.0
34,38,1,1.0
66,34,1,3.0
52,165,0,4.0
34,174,1,4.0
101,154,1,3.0
97,165,0,4.0
247,58,1,2.0
57,58,1,2.0
63,61,1,2.0
57,53,1,2.0
158,107,0,4.0
247,19,1,3.0
267,54,0,4.0
34,93,1,2.0
247,312,1,1.0
34,324,1,2.0
129,210,1,2.0
3,53,1,2.0
91,53,0,4.0
144,180,1,2.0
226,58,1,3.0
165,223,1,2.0
97,195,0,4.0
101,8,0,4.0
111,53,1,3.0
132,166,0,3.0
247,12,1,3.0
170,12,1,3.0
34,165,1,2.0
165,218,1,4.0
192,31,1,3.0
14,133,1,3.0
96,58,1,3.0
165,228,1,3.0
247,30,0,3.0
132,248,0,3.0
5,58,0,4.0
57,70,1,3.0
123,34,1,4.0
34,58,1,1.0
39,154,1,3.0
34,79,1,2.0
113,39,0,4.0
165,58,1,1.0
34,283,1,2.0
192,34,0,4.0
101,19,1,3.0
247,58,1,3.0
34,25,0,3.0
24,120,1,2.0
101,150,1,2.0
170,207,1,1.0
34,44,1,1.0
97,287,1,3.0
170,292,1,0.0
34,347,1,1.0
97,144,0,4.0
101,8,1,3.0
174,351,1,2.0
165,269,0,0.0
34,151,1,2.0
123,19,0,4.0
59,134,0,3.0
214,174,1,4.0
166,58,1,3.0
115,165,0,3.0
97,291,1,4.0
154,165,0,3.0
154,165,0,4.0
14,64,1,4.0
214,133,1,2.0
185,165,0,4.0
132,58,1,3.0
101,98,1,2.0
52,34,0,4.0
115,165,0,4.0
34,342,1,1.0
165,157,1,3.0
109,44,1,3.0
14,42,1,2.0
34,269,0,0.0
84,68,0,4.0
133,53,1,2.0
51,79,1,3.0
123,34,0,4.0
3,399,1,3.0
101,144,1,3.0
166,366,1,2.0
34,58,1,0.0
140,169,1,2.0
57,296,1,3.0
247,354,1,2.0
267,186,1,3.0
247,300,1,3.0
97,379,0,4.0
34,244,1,1.0
63,165,1,4.0
101,8,1,3.0
52,3,1,3.0
127,8,0,4.0
247,58,0,2.0
170,58,1,1.0
129,165,1,2.0
34,222,1,0.0
247,58,0,4.0
101,58,1,2.0
247,403,1,3.0
132,58,0,3.0
166,184,1,3.0
154,30,0,3.0
54,84,1,3.0
247,58,1,2.0
57,58,1,2.0
166,165,1,4.0
121,207,1,2.0
132,162,0,3.0
101,121,1,2.0
155,150,0,3.0
5,301,1,3.0
51,84,1,3.0
166,301,1,3.0
132,162,1,3.0
53,74,0,4.0
133,165,1,3.0
60,53,0,4.0
34,207,1,1.0
237,165,0,4.0
247,184,1,3.0
172,30,0,4.0
101,58,1,3.0
247,137,1,3.0
101,236,1,2.0
34,205,0,0.0
34,19,1,1.0
57,351,1,3.0
165,30,1,1.0
52,129,1,3.0
92,180,1,3.0
34,133,1,2.0
34,223,1,1.0
96,299,1,3.0
30,44,1,2.0
182,170,0,4.0
97,19,1,4.0
34,164,1,3.0
192,238,1,4.0
0,101,0,4.0
34,244,1,0.0
99,133,1,3.0
14,260,1,1.0
34,342,1,1.0
34,183,1,1.0
92,114,1,4.0
66,53,1,3.0
34,188,1,2.0
34,74,1,2.0
19,23,0,3.0
154,206,1,2.0
165,195,0,4.0
34,106,1,3.0
34,315,1,3.0
52,154,0,4.0
101,180,1,3.0
34,165,1,2.0
34,246,1,0.0
165,34,1,2.0
271,58,1,2.0
170,247,1,3.0
247,309,0,2.0
32,84,1,2.0
247,427,1,3.0
154,30,1,2.0
134,144,1,1.0
34,319,1,2.0
62,93,1,2.0
50,10,1,3.0
57,58,1,3.0
165,155,0,2.0
165,180,1,2.0
34,269,1,1.0
52,168,0,2.0
247,243,1,2.0
123,58,1,3.0
247,278,1,3.0
101,30,1,1.0
97,358,1,2.0
14,134,1,3.0
280,269,0,4.0
101,39,0,4.0
247,58,0,3.0
174,262,1,2.0
97,58,1,4.0
34,269,1,1.0
247,326,1,3.0
57,165,1,3.0
165,195,1,2.0
34,103,1,2.0
153,155,0,4.0
140,169,1,2.0
158,165,0,4.0
247,12,0,2.0
132,236,1,2.0
165,96,1,2.0
165,130,0,1.0
165,143,1,2.0
34,375,1,1.0
96,34,1,3.0
60,209,0,3.0
132,58,0,2.0
34,246,1,0.0
101,129,1,2.0
34,315,1,3.0
34,187,1,1.0
247,351,1,3.0
60,93,0,4.0
59,150,0,3.0
165,8,1,3.0
107,39,0,4.0
132,405,0,3.0
14,138,1,2.0
52,53,1,3.0
62,58,1,2.0
155,25,0,4.0
34,8,1,3.0
101,269,1,1.0
14,23,1,3.0
221,165,1,3.0
192,296,1,3.0
57,84,1,3.0
34,229,1,3.0
154,165,0,4.0
57,58,1,3.0
57,44,1,2.0
221,58,1,3.0
109,34,1,3.0
21,58,1,2.0
57,357,1,2.0
121,129,1,2.0
34,246,1,0.0
150,153,0,4.0
132,58,1,3.0
237,58,1,4.0
247,30,1,2.0
0,277,0,4.0
107,98,0,4.0
34,93,1,0.0
30,246,0,2.0
165,233,1,2.0
60,61,0,3.0
101,192,1,2.0
101,195,1,2.0
97,58,1,3.0
165,58,1,2.0
132,282,0,3.0
97,43,1,3.0
52,165,1,4.0
96,241,1,2.0
247,58,0,3.0
5,58,1,2.0
154,134,0,4.0
57,5,0,4.0
34,134,1,2.0
66,165,1,1.0
5,350,1,3.0
52,192,1,4.0
70,111,1,3.0
34,221,1,4.0
165,266,1,1.0
166,184,1,4.0
60,153,0,4.0
170,166,0,4.0
165,175,1,1.0
101,310,1,3.0
57,340,1,3.0
247,360,1,2.0
247,331,1,3.0
34,233,1,1.0
195,201,1,2.0
165,66,1,3.0
101,154,1,3.0
57,324,1,3.0
247,20,1,3.0
30,248,1,2.0
101,195,1,2.0
154,170,0,3.0
101,58,1,3.0
57,25,1,2.0
34,30,1,1.0
172,25,1,3.0
97,333,1,3.0
140,58,0,3.0
132,8,0,3.0
113,14,0,4.0
221,426,1,2.0
192,31,1,3.0
34,264,1,1.0
175,58,0,4.0
170,334,0,1.0
247,19,1,3.0
165,31,1,2.0
61,110,0,4.0
247,347,1,1.0
226,287,0,3.0
134,130,1,2.0
5,296,0,4.0
132,165,0,4.0
180,255,1,4.0
30,165,1,2.0
247,58,1,2.0
123,58,1,2.0
34,194,1,0.0
34,93,1,2.0
132,402,0,3.0
165,58,1,2.0
247,336,1,3.0
34,271,1,2.0
166,277,1,3.0
247,346,1,2.0
33,61,0,4.0
113,14,0,4.0
60,53,0,4.0
101,195,1,4.0
185,154,0,4.0
101,8,1,2.0
132,165,0,3.0
247,58,0,4.0
247,58,1,3.0
170,207,0,2.0
154,134,1,3.0
271,18,1,2.0
34,175,1,3.0
47,166,1,3.0
140,264,1,2.0
97,165,1,4.0
34,58,1,2.0
164,165,1,3.0
34,31,1,3.0
34,154,1,2.0
165,195,1,2.0
34,313,1,3.0
97,58,0,4.0
97,113,1,4.0
3,60,1,3.0
132,58,1,2.0
109,111,1,4.0
34,163,1,1.0
5,58,1,3.0
170,393,1,2.0
101,129,1,3.0
132,208,0,2.0
101,44,1,3.0
247,6,1,3.0
19,32,0,4.0
34,98,1,3.0
101,58,1,3.0
247,3,0,3.0
52,129,1,3.0
165,163,1,1.0
192,254,0,3.0
132,8,0,3.0
158,185,0,4.0
34,216,1,2.0
0,111,0,4.0
226,324,1,3.0
247,183,1,3.0
176,165,0,4.0
134,19,1,3.0
3,30,1,3.0
114,195,0,4.0
174,67,0,4.0
165,144,0,1.0
97,31,0,4.0
166,394,1,0.0
247,16,1,3.0
39,260,0,1.0
123,144,0,4.0
113,34,0,4.0
170,285,1,3.0
165,30,1,1.0
153,269,0,2.0
57,359,1,3.0
34,0,1,2.0
19,223,1,3.0
101,195,1,3.0
247,388,1,3.0
132,58,1,2.0
5,296,1,4.0
101,30,1,2.0
34,103,1,2.0
125,66,1,3.0
101,228,1,2.0
120,34,1,3.0
57,34,0,4.0
113,34,0,4.0
101,93,1,3.0
101,30,1,2.0
165,96,1,2.0
132,418,0,3.0
132,165,0,3.0
34,195,1,2.0
5,351,1,3.0
19,14,0,4.0
52,8,1,2.0
34,402,1,3.0
159,266,1,2.0
101,114,1,3.0
144,165,1,0.0
165,30,1,3.0
226,51,0,4.0
101,12,1,3.0
165,206,1,2.0
101,58,1,1.0
247,310,0,2.0
96,12,1,3.0
132,296,1,2.0
34,246,1,0.0
132,201,0,2.0
132,58,1,3.0
247,340,1,2.0
97,258,0,4.0
158,195,1,4.0
60,57,0,2.0
101,109,1,3.0
134,133,0,4.0
101,3,1,3.0
97,233,1,3.0
34,58,1,2.0
132,165,0,3.0
120,34,0,4.0
247,340,1,3.0
57,195,1,4.0
34,206,1,2.0
52,93,1,3.0
47,152,1,3.0
185,133,0,4.0
101,113,1,3.0
132,249,0,3.0
247,404,1,3.0
247,365,1,2.0
60,23,0,4.0
101,3,1,3.0
132,129,1,3.0
120,113,1,3.0
235,236,1,0.0
1,40,0,3.0
132,58,1,2.0
154,133,1,2.0
62,57,1,3.0
5,58,1,3.0
221,253,0,4.0
165,0,1,2.0
247,12,1,2.0
62,91,1,2.0
114,187,1,2.0
247,12,1,2.0
60,53,0,4.0
280,284,0,4.0
144,34,1,4.0
34,264,1,1.0
60,61,0,3.0
30,90,0,0.0
84,57,0,4.0
166,165,0,4.0
133,67,1,4.0
14,58,1,3.0
166,180,1,2.0
51,60,1,3.0
101,58,1,3.0
97,158,0,4.0
62,19,1,2.0
101,120,1,3.0
14,47,0,4.0
57,34,0,4.0
174,185,0,4.0
123,165,1,4.0
101,34,1,3.0
57,352,1,3.0
63,0,1,4.0
170,165,1,4.0
34,165,1,2.0
226,310,1,1.0
34,58,1,2.0
247,324,1,2.0
185,25,1,3.0
165,170,1,2.0
247,357,1,2.0
133,313,1,4.0
140,30,1,2.0
158,154,0,4.0
57,360,1,2.0
52,192,1,3.0
52,102,1,3.0
420,432,0,3.0
165,244,1,3.0
34,288,1,1.0
5,333,1,3.0
34,58,1,2.0
144,30,1,3.0
34,287,1,1.0
132,58,1,2.0
34,14,1,4.0
5,330,1,4.0
170,31,1,2.0
101,121,1,3.0
132,58,0,2.0
111,101,1,3.0
134,84,0,4.0
170,165,0,3.0
101,109,1,3.0
47,223,1,2.0
247,360,1,4.0
192,165,1,3.0
34,99,1,2.0
121,247,1,2.0
165,154,0,4.0
3,53,1,3.0
165,132,1,3.0
34,31,1,2.0
132,58,0,4.0
30,58,1,2.0
247,121,1,3.0
165,158,1,2.0
25,133,0,4.0
61,53,1,3.0
97,259,1,4.0
166,12,1,3.0
34,352,1,3.0
247,58,0,3.0
97,236,1,3.0
158,47,1,3.0
34,266,1,1.0
5,12,1,3.0
165,129,1,2.0
47,58,1,2.0
111,58,1,2.0
247,260,0,3.0
247,373,1,3.0
433,19,0,0.0
37,25,0,3.0
247,19,1,2.0
52,103,1,3.0
134,19,1,1.0
30,165,1,2.0
19,34,0,4.0
47,61,1,3.0
21,58,1,3.0
101,8,1,3.0
120,44,0,4.0
247,58,1,2.0
132,165,0,4.0
134,71,1,3.0
34,58,1,2.0
34,355,1,2.0
101,58,1,2.0
267,287,1,2.0
221,296,1,3.0
172,165,0,4.0
118,32,1,3.0
109,107,0,4.0
5,312,1,3.0
34,137,0,4.0
185,129,1,2.0
34,134,1,2.0
101,58,1,1.0
97,67,0,4.0
97,107,1,4.0
132,402,0,4.0
247,8,0,3.0
154,165,0,3.0
226,188,1,3.0
247,322,0,3.0
187,165,1,1.0
34,31,1,2.0
34,174,1,3.0
129,276,1,2.0
132,58,0,3.0
101,30,1,2.0
34,58,1,2.0
192,31,0,4.0
153,147,1,4.0
129,207,1,2.0
226,58,1,3.0
97,58,1,3.0
132,201,0,2.0
132,165,0,3.0
165,58,0,3.0
66,58,1,3.0
132,313,1,1.0
34,31,1,2.0
185,207,0,4.0
59,32,0,3.0
166,312,1,2.0
154,192,1,2.0
34,223,1,2.0
34,347,0,0.0
55,31,0,3.0
134,19,1,2.0
165,58,1,2.0
52,134,0,4.0
101,134,0,2.0
185,189,1,2.0
47,323,1,3.0
51,165,1,4.0
123,34,1,4.0
247,244,0,1.0
34,58,1,1.0
191,58,1,3.0
170,134,1,3.0
34,329,1,3.0
170,165,0,4.0
34,23,0,3.0
101,30,1,2.0
34,195,1,2.0
133,153,1,1.0
45,282,0,3.0
101,134,1,2.0
214,165,1,3.0
165,201,0,3.0
226,141,1,3.0
185,165,0,4.0
247,393,1,2.0
247,406,1,3.0
113,39,0,4.0
57,137,1,3.0
133,165,1,1.0
165,134,0,1.0
84,80,1,4.0
132,58,0,3.0
101,223,1,2.0
60,50,0,4.0
420,430,1,3.0
247,58,0,3.0
165,260,1,2.0
57,107,1,3.0
101,189,1,3.0
57,31,1,2.0
97,31,1,3.0
59,144,0,3.0
45,277,0,2.0
134,123,1,3.0
57,83,1,3.0
247,437,1,3.0
113,296,1,2.0
247,173,0,3.0
97,165,1,3.0
52,8,1,2.0
62,31,1,2.0
154,58,1,2.0
34,238,1,3.0
101,58,1,2.0
66,165,1,3.0
34,188,1,2.0
19,23,0,3.0
34,58,1,2.0
113,34,0,4.0
34,58,1,2.0
165,41,1,3.0
280,232,1,2.0
132,312,1,2.0
132,134,0,2.0
101,195,0,4.0
101,224,1,3.0
192,165,1,3.0
47,350,1,3.0
165,195,0,4.0
34,194,1,0.0
247,353,1,3.0
101,23,0,2.0
267,324,1,3.0
101,159,1,2.0
123,285,1,2.0
238,58,0,3.0
0,50,0,3.0
267,427,1,3.0
165,134,0,2.0
132,314,0,3.0
107,120,0,4.0
132,312,1,2.0
165,132,1,2.0
111,406,1,1.0
170,180,1,3.0
247,129,1,2.0
97,333,0,4.0
34,329,1,1.0
247,58,1,2.0
101,58,1,3.0
237,58,1,3.0
247,12,0,4.0
170,58,1,3.0
114,109,1,4.0
247,19,1,3.0
165,288,1,2.0
113,39,0,4.0
39,269,0,0.0
117,19,1,3.0
132,394,0,3.0
121,165,0,4.0
345,120,1,3.0
5,58,1,3.0
170,164,0,4.0
34,129,1,2.0
3,247,1,3.0
57,39,1,3.0
226,324,1,3.0
247,356,1,3.0
165,267,0,4.0
185,30,1,3.0
154,129,0,3.0
34,313,1,2.0
63,53,1,3.0
39,194,1,1.0
132,58,0,3.0
96,58,1,3.0
92,53,1,1.0
238,58,0,4.0
34,101,1,3.0
132,58,0,3.0
207,165,1,3.0
180,165,1,2.0
62,57,1,3.0
132,342,0,3.0
187,165,1,3.0
97,376,1,3.0
34,61,1,3.0
133,25,1,2.0
120,12,1,3.0
132,427,1,2.0
132,165,0,3.0
175,165,1,3.0
111,114,1,3.0
247,19,0,3.0
165,30,0,3.0
34,269,1,0.0
34,170,1,3.0
60,70,0,4.0
34,166,1,3.0
165,170,0,4.0
165,168,0,1.0
170,342,1,2.0
101,98,1,3.0
170,176,0,3.0
165,195,1,3.0
101,44,1,2.0
247,402,1,1.0
101,149,1,3.0
165,170,0,4.0
34,342,1,2.0
101,313,1,3.0
14,73,1,3.0
132,165,0,4.0
165,195,0,4.0
0,127,1,3.0
247,58,0,4.0
34,245,1,3.0
226,351,1,3.0
101,58,1,3.0
170,58,1,2.0
165,207,1,2.0
84,82,0,4.0
96,246,1,3.0
132,58,1,2.0
57,16,1,2.0
165,223,0,2.0
158,34,0,4.0
52,186,1,3.0
34,58,1,1.0
247,206,0,3.0
97,183,1,3.0
5,58,1,3.0
221,165,0,4.0
221,427,1,3.0
34,205,1,0.0
34,101,0,3.0
79,84,1,1.0
120,109,1,3.0
51,89,1,4.0
132,420,0,3.0
134,123,1,3.0
247,402,1,3.0
132,165,0,3.0
34,260,0,0.0
106,133,0,4.0
165,30,1,1.0
158,165,0,4.0
165,134,0,2.0
237,282,1,4.0
267,402,0,4.0
140,58,1,2.0
14,25,1,3.0
101,180,1,3.0
247,284,0,3.0
14,23,1,3.0
111,58,1,1.0
170,165,0,4.0
101,129,1,2.0
34,109,1,3.0
34,170,1,3.0
14,30,1,2.0
3,154,0,3.0
247,351,1,3.0
34,31,1,3.0
62,63,1,3.0
247,360,1,3.0
5,58,0,4.0
158,165,0,4.0
247,352,0,3.0
132,166,0,3.0
247,58,0,4.0
34,46,1,2.0
172,277,0,3.0
165,296,1,1.0
247,326,0,3.0
133,61,0,4.0
107,8,0,3.0
123,165,0,4.0
34,351,1,3.0
101,0,1,3.0
247,427,1,3.0
39,260,1,1.0
101,129,1,3.0
5,354,1,3.0
131,182,1,3.0
62,58,1,2.0
154,34,0,3.0
165,19,0,3.0
60,61,0,3.0
101,8,1,2.0
107,186,0,4.0
14,25,0,4.0
247,287,0,3.0
165,8,1,2.0
34,170,1,3.0
170,31,1,3.0
97,236,1,3.0
5,2,1,3.0
101,277,1,3.0
19,50,0,3.0
101,34,0,4.0
247,333,1,3.0
34,39,0,3.0
57,163,1,1.0
107,114,1,3.0
192,175,1,3.0
101,210,1,3.0
237,132,1,4.0
123,165,0,4.0
101,153,1,3.0
57,51,1,2.0
172,207,0,3.0
5,19,1,3.0
34,101,1,2.0
123,58,1,2.0
39,16,1,2.0
62,31,1,3.0
247,366,0,4.0
154,145,0,3.0
187,184,1,3.0
57,31,1,3.0
91,104,0,4.0
59,114,0,3.0
52,217,1,2.0
132,296,0,2.0
57,379,0,4.0
97,34,0,4.0
174,6,0,4.0
192,39,1,3.0
62,74,1,2.0
247,369,1,2.0
132,58,1,2.0
34,256,1,2.0
132,360,1,3.0
109,114,1,4.0
174,342,1,0.0
97,58,0,4.0
3,169,1,3.0
5,312,1,3.0
34,8,1,2.0
101,34,1,3.0
3,241,0,3.0
57,3,1,2.0
99,153,0,4.0
185,165,0,4.0
192,165,1,3.0
158,134,0,4.0
165,30,1,1.0
52,191,1,3.0
166,223,1,3.0
165,58,1,2.0
33,0,0,4.0
97,380,1,3.0
132,326,0,3.0
247,418,1,3.0
165,129,1,2.0
52,120,1,3.0
97,31,0,4.0
170,164,0,3.0
14,37,0,2.0
57,31,1,3.0
237,267,0,4.0
35,207,1,2.0
111,61,1,3.0
60,96,0,4.0
132,165,0,3.0
132,165,0,3.0
158,154,0,4.0
101,30,1,1.0
5,339,1,3.0
166,56,0,4.0
30,165,1,1.0
14,129,1,2.0
3,237,0,3.0
97,34,0,4.0
165,210,1,2.0
123,144,1,2.0
97,162,0,4.0
124,44,1,3.0
247,291,1,3.0
97,34,1,4.0
19,31,0,3.0
62,83,1,3.0
34,260,0,0.0
165,180,1,3.0
192,303,0,3.0
34,30,1,1.0
59,101,0,3.0
185,239,0,4.0
165,51,0,3.0
103,118,0,4.0
180,206,0,4.0
210,165,0,4.0
57,58,1,2.0
133,134,1,2.0
34,256,1,2.0
45,58,0,2.0
101,34,0,4.0
52,97,1,2.0
132,165,1,3.0
132,166,0,4.0
5,326,1,4.0
34,8,0,3.0
5,30,0,4.0
165,25,1,3.0
247,58,1,3.0
101,144,1,3.0
114,269,1,1.0
34,233,1,1.0
271,434,1,3.0
25,133,0,4.0
25,165,0,3.0
25,47,0,4.0
134,127,1,3.0
132,291,0,3.0
34,269,1,0.0
258,58,1,3.0
165,30,1,2.0
132,58,0,3.0
226,338,1,3.0
134,165,1,4.0
154,197,0,4.0
247,403,0,3.0
3,237,0,3.0
169,162,0,2.0
247,340,1,3.0
34,41,1,3.0
34,129,1,2.0
185,165,1,4.0
185,176,0,4.0
97,58,1,3.0
170,164,1,1.0
101,107,1,3.0
239,236,1,3.0
114,30,1,1.0
51,53,1,2.0
165,31,0,2.0
62,70,1,3.0
129,157,1,1.0
247,427,1,3.0
132,165,0,4.0
57,59,1,2.0
39,58,1,2.0
165,19,1,2.0
247,58,0,3.0
247,165,0,2.0
226,269,1,2.0
5,58,1,3.0
34,269,1,1.0
159,25,1,3.0
101,44,1,2.0
101,195,0,4.0
34,19,1,2.0
45,292,0,1.0
52,219,1,1.0
109,34,1,3.0
101,180,1,2.0
132,267,1,1.0
132,375,0,3.0
57,34,0,4.0
165,66,0,0.0
165,180,0,4.0
170,134,1,1.0
57,53,0,4.0
132,342,1,2.0
132,313,0,3.0
34,175,1,3.0
14,144,1,2.0
132,119,0,2.0
247,3,1,3.0
239,236,1,4.0
247,58,0,3.0
14,58,1,2.0
34,310,1,0.0
111,67,1,3.0
19,25,0,3.0
187,30,1,2.0
101,8,1,3.0
247,386,1,3.0
34,107,1,2.0
5,390,1,2.0
101,264,1,3.0
101,44,1,2.0
101,58,1,3.0
153,269,1,2.0
132,12,0,3.0
97,264,1,4.0
247,58,1,3.0
123,140,0,4.0
101,120,1,3.0
192,226,1,3.0
101,107,1,3.0
30,44,1,2.0
97,351,1,3.0
111,53,1,3.0
57,31,1,3.0
132,12,1,2.0
101,236,1,1.0
247,329,1,2.0
132,416,1,3.0
132,392,1,2.0
174,324,1,2.0
123,207,1,3.0
101,154,1,3.0
57,351,1,3.0
134,3,0,4.0
3,12,1,3.0
247,427,1,3.0
101,210,1,2.0
267,374,1,2.0
97,374,1,2.0
97,133,0,4.0
165,19,1,3.0
19,31,0,3.0
34,246,1,0.0
165,166,1,2.0
165,19,1,2.0
129,363,1,2.0
5,312,1,3.0
247,296,1,2.0
206,184,1,3.0
99,170,0,4.0
176,165,0,3.0
109,118,1,4.0
97,123,1,4.0
91,109,1,4.0
34,58,1,1.0
158,191,0,4.0
132,165,0,3.0
165,30,1,4.0
433,263,1,3.0
247,339,1,2.0
101,58,1,2.0
247,58,0,3.0
132,402,1,2.0
192,287,0,4.0
109,59,1,3.0
34,269,1,0.0
113,34,0,4.0
140,58,1,2.0
34,44,1,1.0
47,16,1,2.0
34,58,1,1.0
166,58,1,3.0
132,58,0,3.0
182,133,0,3.0
108,354,1,3.0
123,3,0,4.0
101,58,1,3.0
165,58,1,3.0
25,134,1,4.0
57,53,1,3.0
34,25,1,3.0
57,58,1,2.0
247,402,0,4.0
101,44,1,2.0
185,165,1,4.0
5,264,1,3.0
237,186,1,4.0
3,253,0,3.0
165,154,1,2.0
158,154,0,4.0
180,58,1,3.0
134,123,1,3.0
159,165,1,3.0
132,165,0,3.0
34,329,1,2.0
34,51,0,2.0
132,165,1,3.0
247,184,1,3.0
165,205,0,0.0
192,170,0,4.0
165,66,1,0.0
107,2,0,4.0
70,96,1,2.0
14,165,0,4.0
3,428,1,3.0
165,58,1,2.0
165,206,1,2.0
226,244,1,3.0
34,63,1,2.0
14,165,1,4.0
57,113,1,3.0
247,58,1,3.0
247,402,0,3.0
30,165,1,2.0
185,165,0,4.0
34,221,1,1.0
107,402,0,4.0
165,267,1,3.0
123,169,1,1.0
166,58,1,4.0
165,173,1,2.0
214,287,1,1.0
51,74,1,3.0
123,58,1,3.0
60,207,0,3.0
52,209,1,2.0
232,236,1,2.0
107,58,0,2.0
185,58,1,3.0
165,84,1,4.0
235,129,1,3.0
34,269,0,0.0
140,269,1,2.0
101,58,1,3.0
153,133,0,4.0
165,51,1,2.0
34,257,1,1.0
51,164,1,3.0
34,44,1,2.0
154,158,1,3.0
57,34,0,2.0
132,76,0,2.0
101,30,1,2.0
101,154,1,2.0
154,165,0,3.0
60,55,0,4.0
101,58,1,3.0
170,34,0,4.0
158,58,0,4.0
185,203,1,3.0
25,153,0,4.0
52,93,0,3.0
154,25,0,3.0
172,134,1,3.0
192,31,1,2.0
3,246,1,2.0
165,19,1,2.0
165,31,1,3.0
5,21,1,3.0
247,418,1,3.0
133,206,1,1.0
170,178,0,3.0
132,427,1,3.0
165,217,1,2.0
3,221,1,3.0
51,84,1,3.0
165,170,0,4.0
34,207,1,2.0
0,39,0,3.0
60,66,0,4.0
132,165,0,3.0
226,246,1,2.0
132,165,0,3.0
14,58,1,3.0
247,58,0,3.0
159,133,0,4.0
52,58,1,3.0
34,373,0,0.0
101,107,1,3.0
101,207,1,2.0
280,58,1,4.0
180,237,0,4.0
62,79,1,2.0
34,134,1,2.0
121,67,0,4.0
97,58,1,3.0
247,3,0,3.0
101,166,0,2.0
247,213,1,2.0
170,203,0,3.0
192,165,0,3.0
101,58,1,2.0
34,236,0,0.0
132,8,0,3.0
62,88,1,2.0
5,287,1,3.0
165,58,1,2.0
47,127,0,4.0
247,341,1,2.0
84,99,1,4.0
144,47,0,4.0
166,388,1,1.0
165,184,1,2.0
23,36,1,3.0
192,166,0,4.0
165,44,1,2.0
247,436,1,3.0
34,199,0,0.0
5,34,0,4.0
97,247,1,3.0
159,194,1,2.0
123,44,1,3.0
101,134,1,2.0
21,67,0,4.0
14,58,1,2.0
166,352,1,4.0
3,225,0,4.0
204,195,0,2.0
47,294,1,3.0
91,53,0,4.0
39,96,1,1.0
101,19,1,3.0
39,126,0,0.0
25,165,0,4.0
165,30,1,0.0
52,247,1,4.0
55,117,1,4.0
159,164,1,3.0
34,101,1,3.0
52,96,1,2.0
62,154,1,2.0
121,165,0,4.0
159,30,0,4.0
247,269,0,3.0
247,142,0,3.0
267,58,1,2.0
165,30,1,0.0
61,149,1,3.0
107,32,1,3.0
185,165,0,4.0
34,293,1,2.0
226,244,1,2.0
107,114,1,3.0
165,170,1,2.0
113,34,0,4.0
3,30,1,3.0
57,398,1,3.0
247,347,0,1.0
0,126,1,2.0
34,138,1,2.0
145,165,0,4.0
21,78,1,3.0
55,60,0,3.0
62,70,1,2.0
158,58,1,3.0
132,318,1,2.0
140,165,0,4.0
123,19,0,4.0
101,133,1,3.0
247,58,1,3.0
247,326,1,3.0
14,138,0,4.0
247,58,0,4.0
247,339,0,4.0
62,79,1,2.0
165,187,1,2.0
247,58,0,3.0
140,266,1,2.0
247,58,0,3.0
170,149,1,2.0
60,165,0,4.0
132,166,0,3.0
226,58,1,3.0
165,169,1,2.0
60,55,0,4.0
96,16,1,3.0
101,140,1,3.0
134,130,1,2.0
247,58,1,3.0
101,34,1,4.0
57,31,1,4.0
34,96,1,1.0
172,165,1,3.0
165,132,1,4.0
166,342,1,2.0
45,313,0,2.0
165,30,0,1.0
0,285,0,4.0
170,165,1,2.0
107,109,0,4.0
132,161,0,4.0
433,31,1,3.0
30,129,0,2.0
123,47,1,3.0
132,291,1,3.0
34,96,1,2.0
34,347,0,0.0
101,46,1,3.0
166,264,1,2.0
132,315,0,3.0
237,165,0,4.0
113,34,1,3.0
165,129,1,2.0
34,223,1,1.0
87,80,1,2.0
101,34,1,3.0
60,80,0,4.0
34,180,1,1.0
34,205,0,0.0
133,69,1,2.0
30,238,1,2.0
62,57,1,3.0
247,120,0,4.0
45,165,0,4.0
101,30,1,2.0
247,58,1,2.0
170,322,0,1.0
125,98,1,3.0
101,58,1,2.0
123,165,0,4.0
52,25,1,3.0
174,192,0,3.0
165,154,0,1.0
34,347,1,1.0
247,132,0,4.0
34,296,1,1.0
165,60,0,0.0
121,195,1,4.0
109,19,1,4.0
97,376,1,3.0
14,134,1,3.0
165,96,1,1.0
34,58,1,2.0
3,58,0,3.0
132,310,1,3.0
57,398,1,3.0
101,120,1,3.0
247,3,0,3.0
154,165,0,3.0
34,98,0,2.0
57,98,1,2.0
30,133,0,3.0
165,58,1,2.0
101,0,1,3.0
34,170,1,3.0
120,127,0,4.0
62,70,1,3.0
258,217,0,4.0
170,58,1,1.0
101,195,1,2.0
114,111,1,4.0
247,19,1,3.0
30,165,1,1.0
165,166,1,1.0
34,206,1,2.0
39,234,0,0.0
134,133,1,2.0
166,30,1,4.0
134,30,1,1.0
129,374,1,3.0
101,129,1,2.0
60,25,0,4.0
101,207,1,3.0
101,165,1,3.0
247,319,0,3.0
120,61,0,4.0
4,70,1,3.0
34,209,1,1.0
57,58,1,3.0
174,325,1,2.0
132,58,0,3.0
61,79,0,4.0
101,59,1,1.0
165,285,1,2.0
14,64,0,4.0
45,58,0,2.0
133,170,1,2.0
97,165,1,3.0
97,312,1,2.0
267,183,1,2.0
108,120,1,3.0
5,294,0,4.0
123,169,1,2.0
114,165,0,4.0
34,31,1,2.0
180,169,1,3.0
123,34,1,3.0
132,8,0,3.0
247,394,1,3.0
34,134,1,3.0
111,121,1,3.0
132,165,0,3.0
60,67,0,4.0
97,19,1,2.0
165,207,1,2.0
57,58,1,2.0
101,212,0,4.0
247,58,1,2.0
133,144,1,2.0
172,165,0,4.0
123,287,1,4.0
34,268,1,2.0
165,30,1,1.0
34,58,1,1.0
64,61,1,3.0
170,165,0,4.0
159,51,1,2.0
30,165,1,1.0
132,165,0,4.0
181,223,1,3.0
172,25,0,4.0
154,192,0,3.0
132,58,1,2.0
57,166,1,3.0
123,30,1,3.0
92,117,1,4.0
101,170,1,3.0
185,134,0,4.0
47,25,0,4.0
153,165,0,4.0
62,3,1,2.0
97,34,1,3.0
134,133,0,4.0
53,61,1,4.0
34,147,1,1.0
60,103,0,4.0
226,152,1,3.0
57,424,1,2.0
132,226,0,3.0
150,165,0,4.0
123,34,0,4.0
57,58,1,2.0
132,165,0,3.0
165,123,0,4.0
132,382,1,3.0
97,3,0,4.0
97,236,1,3.0
19,253,1,4.0
101,201,1,3.0
14,30,1,2.0
34,326,1,1.0
47,31,0,4.0
5,32,0,4.0
34,58,1,2.0
170,296,1,2.0
132,165,0,3.0
91,122,0,4.0
30,165,1,2.0
103,93,0,4.0
192,236,1,3.0
101,0,1,3.0
34,332,1,2.0
34,244,1,1.0
99,122,1,4.0
34,14,1,2.0
165,285,1,3.0
132,273,1,3.0
165,66,1,0.0
123,34,0,4.0
5,351,1,3.0
61,58,1,3.0
34,165,1,3.0
165,210,1,2.0
101,44,1,2.0
84,11,0,4.0
415,420,1,3.0
97,51,1,4.0
97,326,1,3.0
247,339,1,3.0
154,165,0,3.0
135,130,1,3.0
247,354,1,2.0
165,273,1,3.0
165,220,1,3.0
101,24,0,1.0
101,8,0,3.0
34,205,1,0.0
55,61,1,3.0
101,196,1,1.0
34,236,0,0.0
420,432,0,3.0
97,230,1,3.0
34,194,0,0.0
170,165,1,3.0
247,274,1,1.0
32,24,1,2.0
247,303,0,3.0
166,394,1,4.0
34,366,1,2.0
55,60,0,3.0
34,401,1,0.0
34,313,1,2.0
97,16,1,3.0
132,244,1,2.0
192,170,1,3.0
172,65,0,4.0
97,180,1,4.0
132,58,0,4.0
5,358,0,4.0
123,247,1,4.0
165,201,1,1.0
165,269,1,2.0
19,58,0,4.0
132,209,0,2.0
107,129,1,2.0
34,296,1,1.0
101,195,1,1.0
165,195,1,2.0
192,285,1,3.0
47,301,1,3.0
57,58,1,3.0
165,133,0,1.0
155,25,0,4.0
247,58,0,3.0
34,96,1,1.0
114,134,1,2.0
132,165,1,3.0
165,296,1,3.0
132,129,0,2.0
34,128,1,3.0
101,113,1,3.0
134,84,1,4.0
132,8,0,3.0
84,51,0,4.0
132,423,0,3.0
34,31,1,2.0
165,209,1,2.0
154,201,1,2.0
247,240,0,4.0
111,48,1,3.0
132,129,0,3.0
101,30,1,2.0
121,165,0,4.0
101,171,1,2.0
91,165,1,2.0
132,170,0,2.0
47,294,1,2.0
247,326,0,3.0
185,192,1,3.0
34,79,1,2.0
14,64,1,3.0
140,265,1,3.0
62,35,1,2.0
4,73,0,4.0
3,126,1,2.0
107,31,0,4.0
133,142,1,1.0
109,44,1,4.0
132,140,1,2.0
159,38,1,3.0
174,137,0,4.0
113,34,0,4.0
247,342,0,3.0
101,58,1,3.0
153,158,0,4.0
191,165,1,2.0
101,154,1,2.0
165,266,1,3.0
140,30,0,3.0
34,58,1,2.0
47,36,0,4.0
153,296,1,3.0
154,165,1,2.0
34,269,1,0.0
154,165,0,4.0
120,12,1,3.0
159,266,1,3.0
170,400,1,1.0
34,266,1,1.0
25,165,0,4.0
226,58,1,3.0
99,153,1,4.0
57,166,1,3.0
125,57,1,2.0
62,70,1,3.0
7,59,1,3.0
34,58,1,3.0
247,12,1,3.0
57,433,1,3.0
59,134,0,3.0
123,58,1,3.0
247,142,1,2.0
5,273,0,4.0
132,165,0,2.0
247,151,0,3.0
3,422,1,3.0
132,296,1,2.0
34,133,1,2.0
280,310,0,4.0
6,165,1,2.0
120,165,0,4.0
96,188,1,2.0
34,228,1,2.0
19,39,0,3.0
55,50,1,2.0
154,170,1,1.0
97,362,1,4.0
185,180,1,3.0
30,165,1,3.0
140,264,1,2.0
165,195,1,2.0
52,250,0,4.0
34,0,1,2.0
109,8,1,3.0
113,39,0,4.0
101,185,1,3.0
5,16,1,3.0
114,12,1,2.0
166,360,1,4.0
101,154,1,3.0
101,31,1,3.0
34,233,1,1.0
158,165,0,4.0
170,129,1,3.0
132,266,1,2.0
101,30,1,3.0
32,81,1,3.0
123,34,1,4.0
247,348,1,3.0
52,164,1,2.0
101,292,1,1.0
101,107,1,2.0
247,360,1,3.0
165,185,1,3.0
165,19,1,2.0
237,282,1,4.0
96,207,1,3.0
57,370,1,1.0
60,94,0,4.0
34,154,1,2.0
34,364,0,0.0
113,34,1,4.0
101,195,1,3.0
101,185,1,2.0
34,325,1,2.0
97,31,1,4.0
175,58,1,3.0
34,91,1,1.0
98,93,1,1.0
107,101,1,3.0
47,317,1,2.0
170,223,1,2.0
247,58,1,3.0
247,319,0,3.0
140,58,1,2.0
132,313,1,3.0
34,134,1,2.0
62,3,1,2.0
166,31,1,3.0
111,165,1,2.0
34,96,1,1.0
154,173,0,3.0
107,101,0,4.0
132,312,1,2.0
60,93,0,4.0
166,165,1,4.0
35,58,1,2.0
268,58,1,2.0
97,165,0,4.0
165,34,1,3.0
34,269,0,0.0
111,25,1,3.0
97,376,1,3.0
170,34,0,3.0
14,73,1,4.0
132,58,1,2.0
57,183,0,2.0
5,58,1,3.0
3,228,1,3.0
123,58,1,1.0
110,98,1,4.0
132,351,1,2.0
237,165,0,4.0
132,366,1,3.0
34,205,0,0.0
221,58,1,3.0
34,361,1,2.0
140,31,0,3.0
101,210,1,2.0
101,145,1,3.0
101,195,0,4.0
101,165,1,2.0
34,12,1,1.0
34,109,1,1.0
101,34,1,3.0
58,165,0,3.0
166,325,1,3.0
144,51,1,2.0
165,184,1,2.0
34,260,0,0.0
247,157,0,3.0
5,330,1,3.0
97,107,1,4.0
145,165,1,3.0
3,129,1,3.0
123,32,1,3.0
34,109,1,1.0
57,16,1,2.0
34,118,1,2.0
57,418,1,3.0
51,155,1,3.0
107,124,1,3.0
109,118,1,4.0
109,44,1,3.0
34,58,1,2.0
35,58,1,2.0
176,165,0,3.0
57,61,1,2.0
247,165,0,4.0
134,99,1,3.0
267,374,1,3.0
123,134,1,4.0
214,165,1,3.0
5,166,0,4.0
185,201,0,4.0
154,165,0,3.0
238,250,0,3.0
247,264,0,2.0
101,165,1,2.0
165,269,1,1.0
34,67,1,4.0
165,132,1,3.0
132,206,0,3.0
73,165,1,3.0
14,25,0,4.0
60,55,0,4.0
34,269,1,0.0
113,34,1,3.0
34,58,1,1.0
34,351,1,2.0
51,53,1,3.0
57,58,1,3.0
132,31,0,3.0
34,25,1,3.0
131,168,1,3.0
134,30,1,2.0
30,58,1,2.0
132,312,0,3.0
247,310,0,2.0
226,165,0,4.0
192,186,1,3.0
34,58,1,3.0
132,291,0,3.0
101,109,1,3.0
57,58,1,3.0
170,12,1,3.0
267,287,1,2.0
247,58,0,4.0
192,165,1,3.0
132,312,0,3.0
101,14,1,2.0
5,58,1,3.0
247,368,1,3.0
247,402,1,2.0
237,282,1,3.0
14,394,1,3.0
133,126,1,2.0
247,12,1,3.0
132,313,1,2.0
247,414,1,2.0
247,16,1,3.0
60,25,0,4.0
34,23,0,3.0
133,154,1,1.0
101,58,1,3.0
5,20,0,4.0
170,165,1,3.0
132,284,1,2.0
109,34,0,4.0
154,165,0,3.0
165,157,0,2.0
165,133,1,1.0
97,247,1,3.0
97,30,1,4.0
3,130,1,2.0
133,170,1,3.0
133,69,1,3.0
172,134,1,3.0
158,154,1,2.0
57,342,1,2.0
170,165,1,2.0
34,125,1,4.0
34,103,1,3.0
165,226,1,3.0
109,34,1,3.0
258,165,1,4.0
96,58,1,2.0
52,13,1,2.0
166,364,1,2.0
109,112,1,2.0
123,165,0,4.0
165,175,1,1.0
101,154,1,3.0
226,12,1,3.0
165,185,0,2.0
120,34,0,4.0
140,165,0,3.0
154,165,1,2.0
39,246,0,0.0
247,166,0,4.0
57,247,1,2.0
247,312,0,3.0
132,342,1,2.0
132,165,0,3.0
247,403,1,3.0
34,175,1,2.0
34,264,1,1.0
165,154,1,1.0
258,268,1,2.0
60,101,0,4.0
247,58,0,3.0
133,134,0,4.0
14,25,1,3.0
169,134,1,2.0
30,264,1,0.0
96,34,1,3.0
