sender_id,receiver_id,value,corrected
34,0,1.0,1
53,0,1.0,1
33,0,2.0,0
33,0,2.0,0
63,0,2.0,1
14,0,2.0,0
34,0,0.0,1
34,0,0.0,1
57,0,1.0,1
57,0,1.0,1
34,0,0.0,1
34,0,0.0,1
109,0,1.0,1
101,0,1.0,1
101,0,1.0,1
34,0,-1.0,1
165,0,1.0,0
101,0,1.0,1
165,0,0.0,1
101,0,1.0,1
5,2,1.0,1
14,2,1.0,1
107,2,2.0,0
70,3,1.0,0
51,3,1.0,1
62,3,0.0,1
62,3,1.0,1
62,3,0.0,1
57,3,0.0,1
57,3,0.0,1
101,3,1.0,1
101,3,1.0,1
101,3,1.0,1
34,3,0.0,1
101,3,1.0,1
101,3,1.0,1
52,3,1.0,1
134,3,2.0,0
138,3,1.0,0
123,3,2.0,0
123,3,2.0,0
123,3,1.0,1
123,3,1.0,1
123,3,2.0,1
123,3,2.0,0
123,3,2.0,0
247,3,1.0,1
247,3,1.0,1
247,3,0.0,1
247,3,1.0,1
247,3,0.0,1
247,3,0.0,0
247,3,1.0,0
247,3,1.0,0
247,3,1.0,0
247,3,1.0,0
247,3,1.0,1
247,3,0.0,1
97,3,2.0,0
57,3,0.0,1
97,3,2.0,0
433,3,1.0,1
80,4,0.0,0
101,5,1.0,1
57,5,2.0,0
120,5,2.0,0
101,5,2.0,1
44,5,2.0,0
101,5,1.0,1
107,5,2.0,0
174,6,2.0,0
247,6,1.0,1
34,8,1.0,0
34,8,1.0,1
34,8,0.0,1
109,8,1.0,1
109,8,1.0,1
113,8,2.0,0
101,8,1.0,0
101,8,0.0,1
109,8,1.0,1
109,8,2.0,1
57,8,0.0,1
101,8,1.0,1
107,8,1.0,0
101,8,0.0,1
101,8,1.0,1
52,8,0.0,1
19,8,2.0,0
165,8,1.0,1
159,8,2.0,0
154,8,0.0,1
101,8,2.0,0
52,8,1.0,1
101,8,1.0,1
165,8,0.0,1
154,8,1.0,0
101,8,0.0,1
101,8,1.0,1
101,8,1.0,1
52,8,0.0,1
165,8,1.0,1
101,8,2.0,0
165,8,0.0,1
101,8,0.0,1
101,8,1.0,1
165,8,0.0,1
166,8,1.0,1
101,8,1.0,1
185,8,2.0,0
101,8,1.0,1
101,8,1.0,1
127,8,2.0,0
165,8,0.0,1
101,8,1.0,1
192,8,2.0,0
101,8,0.0,1
165,8,0.0,1
114,8,2.0,0
165,8,0.0,1
165,8,0.0,1
101,8,1.0,1
165,8,1.0,0
132,8,1.0,0
132,8,1.0,0
132,8,1.0,0
132,8,1.0,0
132,8,1.0,0
132,8,1.0,0
132,8,1.0,0
132,8,1.0,0
132,8,1.0,1
132,8,1.0,0
247,8,1.0,0
247,8,1.0,0
247,8,1.0,0
247,8,1.0,0
132,8,0.0,1
5,9,2.0,0
247,9,2.0,0
97,9,2.0,1
97,9,1.0,1
47,10,1.0,1
50,10,1.0,1
60,10,1.0,1
60,10,2.0,0
3,11,1.0,1
14,11,0.0,1
53,11,2.0,0
109,11,-1.0,1
84,11,2.0,0
47,12,1.0,1
101,12,1.0,1
109,12,1.0,1
120,12,1.0,1
120,12,1.0,1
101,12,0.0,1
101,12,1.0,1
52,12,0.0,1
3,12,1.0,1
34,12,0.0,1
34,12,0.0,1
132,12,0.0,1
132,12,0.0,0
165,12,0.0,1
170,12,1.0,1
267,12,-1.0,1
123,12,-1.0,1
114,12,0.0,1
247,12,0.0,0
247,12,1.0,0
247,12,0.0,0
132,12,0.0,1
132,12,1.0,0
226,12,1.0,1
132,12,1.0,0
132,12,1.0,0
5,12,1.0,1
170,12,1.0,1
247,12,2.0,0
132,12,0.0,1
96,12,1.0,1
247,12,1.0,1
247,12,1.0,1
247,12,0.0,1
247,12,1.0,1
247,12,1.0,1
247,12,1.0,1
132,12,1.0,1
247,12,0.0,1
247,12,2.0,0
132,12,1.0,1
129,12,1.0,1
166,12,1.0,1
247,12,1.0,1
34,12,-1.0,1
57,12,0.0,1
247,12,1.0,1
247,12,0.0,1
57,12,1.0,1
3,12,1.0,1
433,12,1.0,1
247,12,1.0,1
60,12,2.0,0
247,12,0.0,1
52,13,0.0,1
34,14,1.0,1
55,14,1.0,0
34,14,0.0,1
34,14,0.0,1
51,14,1.0,1
34,14,0.0,1
57,14,-1.0,1
32,14,1.0,1
113,14,2.0,0
113,14,2.0,0
118,14,2.0,0
113,14,2.0,0
113,14,2.0,0
113,14,2.0,0
19,14,2.0,0
34,14,1.0,1
113,14,2.0,0
107,14,2.0,0
34,14,2.0,1
113,14,2.0,1
49,14,2.0,1
134,14,2.0,0
101,14,1.0,1
101,14,0.0,1
133,14,-1.0,1
144,14,2.0,1
170,14,1.0,1
144,14,2.0,1
34,15,1.0,1
57,15,1.0,1
165,15,1.0,0
34,16,1.0,1
34,16,1.0,1
34,16,0.0,1
5,16,1.0,1
247,16,1.0,1
247,16,0.0,1
247,16,1.0,1
5,16,2.0,1
247,16,1.0,1
247,16,1.0,1
247,16,1.0,1
96,16,1.0,1
247,16,1.0,1
267,16,1.0,1
39,16,0.0,1
97,16,1.0,1
132,16,1.0,0
47,16,0.0,1
47,16,1.0,1
57,16,1.0,1
247,16,1.0,1
247,16,1.0,1
226,16,1.0,1
57,16,0.0,1
5,16,1.0,1
247,16,0.0,1
57,16,0.0,1
247,16,1.0,1
132,16,1.0,1
247,16,1.0,1
247,16,2.0,1
247,16,0.0,1
247,16,-1.0,1
247,16,1.0,1
14,17,2.0,0
101,18,1.0,1
271,18,0.0,1
62,19,0.0,1
57,19,1.0,1
34,19,0.0,1
34,19,0.0,1
34,19,-1.0,1
57,19,1.0,1
62,19,0.0,1
80,19,1.0,0
34,19,1.0,1
34,19,1.0,1
34,19,0.0,1
109,19,2.0,1
57,19,0.0,1
117,19,1.0,1
101,19,1.0,1
109,19,2.0,1
34,19,0.0,1
101,19,1.0,1
5,19,2.0,1
32,19,1.0,1
114,19,2.0,1
134,19,1.0,1
37,19,-1.0,0
37,19,-1.0,1
37,19,0.0,1
101,19,1.0,1
134,19,0.0,1
134,19,2.0,0
158,19,2.0,0
134,19,2.0,0
134,19,-1.0,1
165,19,0.0,1
165,19,0.0,1
101,19,0.0,1
165,19,0.0,1
34,19,1.0,1
165,19,1.0,0
165,19,0.0,1
165,19,0.0,1
165,19,0.0,1
165,19,1.0,1
123,19,2.0,0
123,19,2.0,0
165,19,1.0,1
165,19,1.0,1
123,19,1.0,1
165,19,-1.0,1
140,19,1.0,1
247,19,2.0,0
165,19,1.0,1
192,19,0.0,0
133,19,-1.0,1
247,19,1.0,0
247,19,1.0,0
34,19,0.0,1
5,19,1.0,1
34,19,-1.0,1
5,19,1.0,1
132,19,1.0,0
247,19,0.0,1
97,19,0.0,1
247,19,1.0,1
247,19,0.0,1
247,19,1.0,1
247,19,1.0,1
5,19,1.0,1
247,19,1.0,1
247,19,1.0,1
132,19,1.0,0
34,19,-1.0,1
34,19,2.0,1
247,19,0.0,1
107,19,1.0,1
34,19,2.0,1
247,19,1.0,1
14,19,1.0,1
34,19,0.0,1
97,19,2.0,1
132,19,1.0,0
247,19,0.0,1
97,19,2.0,1
247,19,0.0,1
247,19,1.0,1
45,19,0.0,0
247,19,1.0,1
132,19,1.0,0
132,19,1.0,0
3,19,1.0,1
267,19,0.0,1
433,19,-2.0,0
5,20,2.0,0
5,20,2.0,0
247,20,1.0,1
247,20,0.0,1
247,20,1.0,1
166,20,1.0,1
5,21,1.0,1
57,21,0.0,1
34,21,2.0,1
48,22,2.0,0
3,22,1.0,1
19,23,1.0,0
34,23,1.0,0
19,23,1.0,0
34,23,1.0,0
34,23,1.0,0
36,23,1.0,0
39,23,2.0,0
14,23,2.0,0
14,23,1.0,1
34,23,1.0,1
4,23,2.0,0
60,23,1.0,0
14,23,1.0,1
46,23,2.0,0
60,23,2.0,0
111,23,1.0,1
111,23,1.0,1
61,23,2.0,1
101,23,0.0,0
101,24,-1.0,0
32,24,0.0,1
101,24,1.0,1
34,25,1.0,0
47,25,2.0,0
34,25,1.0,0
34,25,1.0,0
14,25,2.0,0
19,25,1.0,0
14,25,2.0,0
19,25,1.0,0
37,25,1.0,0
26,25,1.0,1
14,25,1.0,1
80,25,0.0,1
34,25,1.0,1
111,25,1.0,1
101,25,1.0,1
111,25,1.0,1
14,25,2.0,1
111,25,1.0,1
101,25,1.0,1
111,25,1.0,1
57,25,0.0,1
14,25,1.0,1
101,25,1.0,1
134,25,-1.0,1
153,25,2.0,0
155,25,2.0,0
155,25,2.0,0
155,25,2.0,1
155,25,2.0,0
153,25,1.0,0
34,25,1.0,1
34,25,1.0,1
101,25,1.0,1
159,25,1.0,1
122,25,2.0,0
97,25,1.0,1
34,25,1.0,1
154,25,1.0,0
172,25,1.0,1
60,25,2.0,0
60,25,2.0,0
154,25,0.0,1
60,25,2.0,0
60,25,2.0,0
165,25,1.0,1
133,25,0.0,1
165,25,0.0,0
182,25,2.0,0
123,25,2.0,0
172,25,2.0,0
154,25,1.0,0
138,25,1.0,1
34,25,1.0,1
154,25,1.0,0
101,25,1.0,0
172,25,2.0,0
52,25,1.0,1
185,25,1.0,1
144,25,1.0,1
185,25,1.0,1
92,27,0.0,1
92,27,0.0,1
34,27,-1.0,1
155,27,1.0,1
34,27,-1.0,1
57,28,1.0,1
109,30,-1.0,1
34,30,-1.0,1
120,30,0.0,1
57,30,0.0,1
101,30,1.0,1
101,30,1.0,1
101,30,-1.0,1
5,30,2.0,0
120,30,-1.0,1
3,30,1.0,1
101,30,0.0,1
34,30,0.0,1
34,30,0.0,1
34,30,0.0,1
114,30,-1.0,1
128,30,1.0,1
128,30,1.0,1
34,30,1.0,1
14,30,0.0,1
14,30,0.0,1
134,30,0.0,1
134,30,2.0,0
134,30,-1.0,1
101,30,1.0,1
14,30,0.0,1
101,30,0.0,1
101,30,0.0,1
101,30,1.0,1
159,30,1.0,1
101,30,0.0,1
101,30,0.0,1
165,30,0.0,1
165,30,-1.0,0
101,30,-1.0,1
165,30,1.0,1
101,30,1.0,1
101,30,0.0,1
101,30,0.0,1
159,30,2.0,0
101,30,1.0,1
165,30,0.0,1
52,30,0.0,1
165,30,2.0,1
165,30,-1.0,1
140,30,0.0,1
172,30,2.0,0
187,30,0.0,1
154,30,1.0,0
154,30,1.0,0
185,30,0.0,1
3,30,1.0,1
158,30,2.0,0
154,30,0.0,1
101,30,1.0,1
101,30,0.0,1
187,30,1.0,1
185,30,1.0,1
154,30,0.0,1
101,30,0.0,1
101,30,1.0,1
101,30,2.0,1
192,30,2.0,0
201,30,2.0,0
195,30,0.0,1
101,30,0.0,1
52,30,0.0,0
101,30,1.0,1
159,30,2.0,0
101,30,1.0,1
154,30,1.0,0
154,30,0.0,1
52,30,0.0,0
165,30,2.0,1
73,30,0.0,1
101,30,0.0,0
154,30,-1.0,1
101,30,0.0,1
101,30,1.0,0
165,30,1.0,1
165,30,0.0,1
101,30,1.0,1
165,30,-1.0,0
101,30,1.0,1
158,30,-1.0,1
101,30,1.0,1
165,30,-1.0,1
101,30,0.0,1
52,30,1.0,1
101,30,0.0,1
34,30,0.0,1
192,30,2.0,0
144,30,1.0,1
34,30,-1.0,1
165,30,1.0,0
101,30,0.0,1
154,30,1.0,0
52,30,0.0,1
158,30,1.0,1
97,30,2.0,0
134,30,2.0,0
166,30,2.0,1
224,30,1.0,1
185,30,1.0,1
165,30,0.0,1
165,30,0.0,1
165,30,0.0,1
192,30,1.0,1
52,30,1.0,1
165,30,-1.0,1
140,30,0.0,1
192,30,2.0,0
165,30,-1.0,1
140,30,0.0,1
165,30,-1.0,1
165,30,-1.0,1
165,30,-1.0,0
123,30,1.0,1
123,30,1.0,0
140,30,0.0,1
123,30,1.0,1
123,30,2.0,0
165,30,-2.0,0
140,30,1.0,0
247,30,0.0,1
165,30,-1.0,1
170,30,1.0,0
140,30,1.0,1
165,30,0.0,1
97,30,2.0,0
97,30,2.0,1
247,30,1.0,0
165,30,-1.0,1
165,30,-2.0,1
14,30,1.0,1
165,30,-2.0,1
123,30,2.0,1
192,30,1.0,0
165,30,-2.0,1
123,30,-1.0,1
192,30,2.0,0
237,30,2.0,0
237,30,2.0,0
34,30,2.0,0
19,31,1.0,0
19,31,1.0,0
34,31,0.0,1
34,31,0.0,1
55,31,1.0,0
62,31,1.0,1
34,31,0.0,1
34,31,0.0,1
62,31,0.0,1
57,31,2.0,1
57,31,2.0,0
62,31,0.0,1
34,31,1.0,1
62,31,1.0,1
34,31,0.0,1
62,31,1.0,1
85,31,2.0,1
62,31,0.0,1
34,31,0.0,1
34,31,0.0,1
34,31,0.0,1
34,31,0.0,1
34,31,0.0,1
109,31,2.0,0
57,31,1.0,1
109,31,2.0,1
101,31,1.0,1
101,31,1.0,1
101,31,1.0,1
101,31,2.0,0
122,31,1.0,1
101,31,1.0,1
165,31,0.0,0
123,31,1.0,1
165,31,0.0,1
166,31,1.0,1
165,31,1.0,1
165,31,1.0,1
30,31,0.0,1
165,31,1.0,1
192,31,2.0,0
192,31,1.0,1
165,31,1.0,1
140,31,1.0,1
192,31,0.0,1
192,31,1.0,1
247,31,0.0,1
247,31,1.0,0
140,31,1.0,0
101,31,1.0,1
247,31,0.0,0
170,31,0.0,1
34,31,1.0,1
101,31,1.0,1
97,31,2.0,0
165,31,2.0,0
165,31,0.0,1
170,31,1.0,1
165,31,2.0,1
192,31,1.0,1
192,31,1.0,1
165,31,-1.0,1
165,31,0.0,0
165,31,0.0,1
132,31,1.0,0
101,31,1.0,1
174,31,1.0,1
57,31,0.0,1
57,31,1.0,1
97,31,2.0,0
247,31,1.0,0
14,31,1.0,1
97,31,2.0,0
57,31,1.0,1
57,31,0.0,1
97,31,2.0,1
34,31,1.0,1
97,31,1.0,1
57,31,1.0,1
97,31,2.0,1
57,31,1.0,1
132,31,1.0,0
57,31,1.0,1
107,31,2.0,0
47,31,2.0,0
57,31,1.0,1
34,31,1.0,1
97,31,1.0,1
170,31,1.0,1
97,31,0.0,1
97,31,1.0,1
57,31,0.0,1
97,31,2.0,1
57,31,1.0,1
170,31,0.0,1
57,31,0.0,1
57,31,1.0,1
433,31,1.0,1
118,32,1.0,1
107,32,1.0,1
19,32,2.0,0
92,32,2.0,0
14,32,2.0,1
44,32,2.0,0
59,32,1.0,0
5,32,2.0,0
5,32,2.0,0
123,32,1.0,1
99,33,2.0,1
144,33,0.0,1
60,33,1.0,0
144,34,1.0,1
61,34,2.0,0
62,34,-1.0,1
62,34,0.0,1
57,34,1.0,1
62,34,2.0,1
62,34,0.0,1
62,34,0.0,1
57,34,2.0,0
96,34,1.0,1
57,34,2.0,0
109,34,2.0,0
57,34,1.0,1
109,34,1.0,1
109,34,2.0,0
57,34,2.0,0
109,34,1.0,1
109,34,1.0,1
109,34,1.0,1
113,34,2.0,0
101,34,1.0,1
101,34,1.0,1
57,34,2.0,0
101,34,2.0,0
101,34,1.0,0
113,34,2.0,0
109,34,2.0,0
57,34,1.0,1
113,34,2.0,0
101,34,1.0,1
113,34,2.0,1
113,34,1.0,1
101,34,1.0,1
117,34,2.0,1
113,34,2.0,0
113,34,2.0,0
113,34,2.0,0
113,34,2.0,0
113,34,2.0,0
113,34,2.0,0
113,34,2.0,0
113,34,1.0,1
113,34,2.0,0
113,34,2.0,0
19,34,2.0,0
19,34,2.0,0
113,34,2.0,0
113,34,2.0,0
113,34,2.0,0
101,34,1.0,1
101,34,1.0,1
101,34,2.0,0
113,34,2.0,0
101,34,1.0,1
101,34,-1.0,1
113,34,2.0,1
113,34,2.0,0
120,34,1.0,1
113,34,2.0,0
101,34,1.0,1
113,34,0.0,1
109,34,1.0,1
101,34,0.0,1
101,34,1.0,1
113,34,2.0,0
101,34,1.0,1
101,34,1.0,1
113,34,2.0,0
101,34,1.0,1
120,34,2.0,0
113,34,2.0,0
113,34,2.0,0
113,34,2.0,0
120,34,1.0,1
101,34,1.0,1
113,34,2.0,0
5,34,2.0,0
32,34,2.0,1
101,34,2.0,1
57,34,0.0,0
57,34,0.0,0
57,34,2.0,0
101,34,1.0,1
113,34,2.0,1
101,34,2.0,0
101,34,2.0,0
120,34,2.0,1
101,34,1.0,1
101,34,0.0,1
101,34,-1.0,1
101,34,1.0,1
101,34,1.0,1
101,34,2.0,0
124,34,2.0,0
120,34,2.0,0
101,34,1.0,1
124,34,1.0,1
114,34,2.0,0
101,34,1.0,1
52,34,2.0,0
101,34,1.0,1
52,34,2.0,0
123,34,2.0,0
165,34,-1.0,0
192,34,2.0,0
154,34,1.0,0
158,34,1.0,1
154,34,1.0,0
123,34,2.0,0
170,34,0.0,1
123,34,2.0,0
158,34,1.0,1
101,34,1.0,1
66,34,1.0,1
123,34,2.0,0
97,34,1.0,1
165,34,0.0,0
123,34,2.0,0
47,34,2.0,0
123,34,2.0,1
123,34,2.0,0
123,34,1.0,1
97,34,2.0,1
144,34,2.0,1
170,34,2.0,0
170,34,1.0,0
123,34,2.0,0
192,34,2.0,0
123,34,2.0,0
123,34,2.0,0
97,34,2.0,1
123,34,2.0,1
165,34,0.0,1
165,34,0.0,1
165,34,1.0,1
165,34,0.0,1
97,34,2.0,0
97,34,2.0,0
192,34,2.0,0
192,34,2.0,0
192,34,1.0,1
237,34,2.0,0
113,34,0.0,1
192,34,2.0,1
123,34,2.0,1
192,34,2.0,0
158,34,2.0,0
294,34,1.0,1
294,34,1.0,1
97,34,1.0,1
97,34,2.0,1
97,34,1.0,1
96,34,1.0,1
96,34,1.0,1
57,34,1.0,1
174,34,-1.0,1
57,34,2.0,0
97,34,2.0,0
174,34,1.0,1
174,34,1.0,1
97,34,2.0,0
170,34,2.0,0
57,34,1.0,1
62,35,1.0,1
62,35,0.0,1
19,36,0.0,0
19,36,1.0,0
0,36,2.0,0
34,36,1.0,0
47,36,2.0,0
23,36,1.0,1
15,37,0.0,0
14,37,0.0,0
60,37,2.0,0
165,37,0.0,1
123,37,0.0,1
4,38,-1.0,1
109,38,1.0,1
109,38,2.0,1
132,38,0.0,1
159,38,1.0,1
34,38,-1.0,1
226,38,1.0,1
34,38,0.0,1
0,39,1.0,0
19,39,1.0,0
19,39,1.0,0
0,39,2.0,0
34,39,2.0,0
34,39,2.0,0
34,39,2.0,0
34,39,2.0,0
34,39,1.0,0
113,39,2.0,0
109,39,2.0,0
113,39,2.0,0
57,39,1.0,1
57,39,2.0,0
113,39,2.0,0
113,39,2.0,0
113,39,2.0,0
113,39,2.0,0
107,39,2.0,0
113,39,2.0,0
113,39,2.0,0
113,39,2.0,0
113,39,2.0,0
113,39,2.0,0
107,39,2.0,0
154,39,1.0,0
101,39,2.0,0
165,39,0.0,1
165,39,0.0,1
165,39,0.0,1
165,39,1.0,0
192,39,1.0,1
237,39,2.0,0
1,40,1.0,0
132,41,0.0,0
165,41,1.0,1
132,41,1.0,0
34,41,1.0,1
37,42,2.0,0
14,42,0.0,1
14,42,-1.0,1
33,42,0.0,0
62,43,0.0,1
165,43,-1.0,1
97,43,1.0,1
165,43,-1.0,1
109,44,2.0,0
109,44,1.0,1
114,44,0.0,1
109,44,1.0,1
101,44,1.0,1
109,44,1.0,1
120,44,1.0,1
109,44,1.0,1
109,44,2.0,1
101,44,0.0,1
123,44,1.0,1
34,44,0.0,1
5,44,2.0,1
34,44,0.0,1
120,44,2.0,1
101,44,0.0,1
124,44,1.0,1
101,44,0.0,1
101,44,1.0,1
101,44,0.0,1
124,44,1.0,1
101,44,0.0,1
101,44,-1.0,1
123,44,0.0,1
37,44,0.0,1
101,44,0.0,1
144,44,0.0,1
101,44,0.0,1
170,44,-2.0,1
166,44,0.0,1
165,44,0.0,1
101,44,0.0,1
101,44,0.0,1
165,44,-1.0,1
101,44,-1.0,1
30,44,0.0,1
120,44,2.0,0
120,44,1.0,1
30,44,0.0,1
34,44,-1.0,1
165,44,0.0,1
165,44,0.0,1
101,44,0.0,1
192,44,-1.0,1
34,44,-1.0,1
165,44,0.0,1
165,44,-1.0,1
165,44,0.0,1
14,44,1.0,1
237,44,1.0,1
165,44,0.0,1
165,44,0.0,1
101,44,0.0,1
34,44,1.0,1
96,44,1.0,1
57,44,0.0,1
96,44,0.0,1
57,44,0.0,1
174,44,-1.0,1
34,44,-1.0,1
57,44,0.0,1
14,46,1.0,0
34,46,0.0,1
34,46,0.0,1
47,46,1.0,1
101,46,1.0,1
34,47,2.0,0
25,47,2.0,0
14,47,2.0,0
14,47,2.0,0
23,47,2.0,0
113,47,2.0,0
14,47,2.0,0
32,47,1.0,1
101,47,1.0,1
185,47,2.0,0
158,47,1.0,1
185,47,2.0,0
123,47,1.0,1
144,47,2.0,1
237,47,2.0,0
144,47,2.0,0
111,48,1.0,1
111,48,1.0,1
14,49,0.0,1
19,50,1.0,0
55,50,0.0,1
133,50,0.0,1
60,50,2.0,0
0,50,1.0,0
34,51,0.0,0
34,51,1.0,0
34,51,0.0,1
79,51,2.0,0
84,51,2.0,0
84,51,2.0,0
57,51,0.0,1
84,51,2.0,0
62,51,0.0,1
62,51,1.0,1
120,51,1.0,1
101,51,1.0,1
109,51,2.0,0
144,51,0.0,1
159,51,0.0,1
144,51,1.0,1
101,51,1.0,1
165,51,1.0,0
101,51,0.0,1
165,51,0.0,0
165,51,0.0,1
132,51,-1.0,1
45,51,0.0,0
132,51,1.0,0
226,51,2.0,0
226,51,2.0,0
57,51,0.0,1
97,51,2.0,1
57,51,0.0,1
14,53,1.0,1
51,53,2.0,0
14,53,1.0,1
57,53,1.0,1
57,53,1.0,1
57,53,0.0,1
57,53,2.0,0
57,53,1.0,1
61,53,1.0,1
50,53,2.0,0
47,53,1.0,1
60,53,1.0,0
60,53,2.0,0
60,53,0.0,1
63,53,1.0,1
34,53,0.0,1
111,53,1.0,1
111,53,1.0,1
133,53,2.0,0
52,53,1.0,1
61,53,1.0,1
51,53,0.0,1
133,53,0.0,1
60,53,2.0,0
60,53,2.0,0
111,53,0.0,1
111,53,0.0,1
60,53,2.0,0
60,53,2.0,0
51,53,1.0,1
51,53,-1.0,1
51,53,1.0,1
38,53,1.0,0
60,53,2.0,0
52,53,1.0,1
66,53,1.0,1
66,53,1.0,1
34,53,0.0,1
51,53,1.0,1
62,53,0.0,1
62,53,0.0,1
78,53,1.0,1
62,53,0.0,1
51,53,1.0,1
14,53,0.0,1
107,53,0.0,1
91,53,2.0,0
92,53,-1.0,1
3,53,1.0,1
91,53,2.0,0
125,53,0.0,1
111,53,1.0,1
125,53,0.0,1
3,53,0.0,1
59,53,1.0,0
3,53,2.0,0
125,53,1.0,1
5,54,1.0,1
267,54,2.0,0
60,55,2.0,0
34,55,1.0,1
60,55,2.0,0
10,55,1.0,1
60,55,2.0,0
60,55,2.0,0
60,55,2.0,0
70,55,2.0,0
14,55,0.0,1
60,55,2.0,0
120,55,1.0,1
166,56,2.0,0
14,57,1.0,1
14,57,1.0,1
60,57,0.0,0
125,57,0.0,1
52,57,1.0,1
62,57,1.0,1
80,57,1.0,1
62,57,1.0,1
54,57,0.0,1
62,57,1.0,1
84,57,2.0,0
62,57,1.0,1
34,57,0.0,1
62,57,0.0,1
97,57,1.0,1
420,57,1.0,1
420,57,1.0,0
420,57,1.0,0
55,58,1.0,1
66,58,1.0,1
34,58,0.0,1
62,58,1.0,1
96,58,1.0,1
62,58,0.0,1
70,58,1.0,1
62,58,1.0,1
34,58,0.0,1
62,58,1.0,1
34,58,0.0,1
57,58,0.0,1
34,58,0.0,1
34,58,0.0,1
62,58,0.0,1
101,58,1.0,0
101,58,1.0,1
117,58,0.0,1
109,58,1.0,1
101,58,1.0,1
57,58,0.0,1
57,58,1.0,1
101,58,1.0,1
101,58,1.0,1
101,58,1.0,1
101,58,0.0,1
101,58,0.0,1
101,58,0.0,0
109,58,1.0,1
101,58,1.0,1
57,58,0.0,1
109,58,1.0,1
101,58,1.0,1
101,58,1.0,1
101,58,-1.0,1
101,58,0.0,1
101,58,1.0,1
101,58,1.0,1
101,58,1.0,1
57,58,0.0,1
109,58,1.0,1
34,58,0.0,1
34,58,-1.0,1
30,58,0.0,1
101,58,1.0,1
101,58,1.0,1
101,58,0.0,1
101,58,0.0,1
134,58,0.0,1
101,58,1.0,1
101,58,0.0,1
101,58,1.0,1
101,58,1.0,1
101,58,1.0,1
52,58,1.0,1
101,58,1.0,1
101,58,1.0,1
101,58,0.0,1
19,58,1.0,1
101,58,0.0,1
159,58,1.0,1
101,58,0.0,1
165,58,0.0,0
101,58,1.0,1
101,58,1.0,1
101,58,1.0,1
165,58,0.0,1
101,58,2.0,0
101,58,0.0,1
191,58,1.0,1
101,58,0.0,1
101,58,1.0,1
101,58,0.0,1
158,58,0.0,1
101,58,1.0,1
101,58,1.0,1
101,58,0.0,1
101,58,1.0,1
158,58,2.0,0
101,58,1.0,1
101,58,0.0,1
97,58,2.0,0
165,58,-1.0,1
165,58,2.0,1
159,58,2.0,0
101,58,1.0,1
30,58,0.0,0
101,58,0.0,1
165,58,1.0,0
154,58,1.0,0
154,58,0.0,1
101,58,0.0,1
165,58,0.0,1
154,58,0.0,1
101,58,0.0,1
101,58,0.0,1
165,58,-1.0,1
165,58,0.0,1
165,58,0.0,1
158,58,1.0,1
101,58,0.0,1
165,58,0.0,1
101,58,0.0,1
101,58,-1.0,1
158,58,-1.0,1
165,58,-1.0,1
165,58,0.0,1
165,58,0.0,1
185,58,1.0,1
185,58,1.0,1
185,58,2.0,0
0,58,2.0,0
165,58,0.0,1
35,58,0.0,1
101,58,1.0,1
165,58,0.0,1
132,58,0.0,1
170,58,1.0,0
48,58,0.0,1
34,58,0.0,1
35,58,0.0,1
132,58,2.0,0
101,58,1.0,1
180,58,0.0,1
3,58,1.0,0
121,58,0.0,1
52,58,0.0,1
132,58,0.0,0
192,58,0.0,1
121,58,0.0,1
165,58,0.0,1
180,58,2.0,0
180,58,1.0,1
180,58,1.0,1
140,58,0.0,1
97,58,2.0,1
239,58,1.0,1
132,58,0.0,1
132,58,0.0,1
132,58,0.0,1
165,58,-1.0,1
34,58,-1.0,1
165,58,1.0,1
132,58,1.0,1
165,58,0.0,1
129,58,0.0,1
47,58,0.0,1
14,58,1.0,1
14,58,0.0,1
30,58,0.0,1
165,58,1.0,1
165,58,0.0,1
3,58,2.0,0
61,58,1.0,1
238,58,2.0,0
165,58,0.0,1
101,58,0.0,1
238,58,1.0,0
34,58,1.0,1
34,58,0.0,1
52,58,1.0,1
170,58,-1.0,1
34,58,-1.0,1
123,58,-1.0,1
123,58,1.0,1
14,58,0.0,1
34,58,0.0,1
123,58,0.0,1
123,58,2.0,0
132,58,0.0,1
165,58,0.0,1
238,58,1.0,0
123,58,1.0,1
123,58,0.0,1
123,58,1.0,1
140,58,0.0,1
140,58,1.0,0
165,58,0.0,1
140,58,0.0,1
140,58,0.0,1
34,58,0.0,1
140,58,0.0,1
140,58,0.0,1
39,58,0.0,1
185,58,1.0,0
170,58,-1.0,1
34,58,0.0,1
30,58,0.0,1
30,58,1.0,1
34,58,1.0,1
3,58,1.0,1
140,58,1.0,1
247,58,1.0,0
19,58,2.0,0
221,58,1.0,1
34,58,-1.0,1
34,58,-1.0,1
34,58,-1.0,1
175,58,1.0,1
175,58,2.0,0
34,58,0.0,1
140,58,1.0,0
34,58,0.0,1
14,58,1.0,1
247,58,1.0,0
170,58,0.0,1
30,58,1.0,1
140,58,1.0,0
221,58,1.0,1
132,58,1.0,1
132,58,1.0,0
247,58,1.0,0
132,58,0.0,1
140,58,0.0,1
30,58,1.0,1
34,58,0.0,1
166,58,2.0,1
247,58,1.0,0
185,58,2.0,1
268,58,1.0,0
268,58,0.0,1
268,58,2.0,0
34,58,0.0,1
271,58,1.0,1
34,58,0.0,1
107,58,1.0,1
34,58,-1.0,1
271,58,0.0,1
140,58,0.0,1
132,58,1.0,0
132,58,1.0,1
132,58,0.0,1
34,58,-1.0,1
132,58,0.0,0
140,58,0.0,1
30,58,0.0,1
170,58,0.0,1
165,58,0.0,1
132,58,0.0,1
165,58,0.0,1
132,58,0.0,1
30,58,1.0,0
192,58,0.0,1
57,58,0.0,1
170,58,0.0,1
123,58,1.0,1
237,58,1.0,1
165,58,1.0,1
123,58,1.0,1
165,58,0.0,1
132,58,1.0,1
132,58,1.0,1
132,58,1.0,1
45,58,0.0,0
34,58,-1.0,1
97,58,1.0,1
123,58,1.0,1
165,58,0.0,1
123,58,0.0,1
123,58,-1.0,1
280,58,2.0,0
221,58,1.0,1
237,58,2.0,1
280,58,2.0,1
101,58,1.0,1
97,58,1.0,1
101,58,1.0,1
226,58,1.0,1
132,58,1.0,0
123,58,2.0,1
132,58,0.0,1
165,58,0.0,1
226,58,1.0,1
267,58,0.0,1
267,58,0.0,1
267,58,0.0,1
30,58,0.0,1
267,58,1.0,1
132,58,0.0,0
132,58,1.0,1
114,58,2.0,1
101,58,1.0,1
192,58,1.0,1
34,58,0.0,1
34,58,-2.0,1
247,58,0.0,0
258,58,1.0,1
237,58,1.0,1
114,58,2.0,1
34,58,1.0,1
34,58,0.0,1
140,58,0.0,1
165,58,2.0,0
63,58,0.0,1
45,58,-1.0,0
237,58,2.0,1
165,58,0.0,1
140,58,0.0,1
132,58,0.0,1
132,58,0.0,1
132,58,0.0,1
247,58,0.0,0
247,58,1.0,0
132,58,1.0,0
132,58,0.0,0
132,58,0.0,0
267,58,1.0,1
120,58,1.0,1
170,58,1.0,1
120,58,2.0,0
247,58,1.0,0
247,58,1.0,0
101,58,2.0,1
120,58,2.0,0
226,58,1.0,1
34,58,-1.0,1
226,58,1.0,1
132,58,1.0,0
132,58,-1.0,1
267,58,0.0,1
267,58,0.0,1
34,58,-1.0,1
132,58,1.0,0
101,58,0.0,1
132,58,1.0,1
247,58,1.0,0
132,58,0.0,1
247,58,1.0,0
45,58,0.0,0
247,58,1.0,0
247,58,1.0,0
247,58,1.0,0
247,58,1.0,0
47,58,2.0,0
247,58,1.0,0
247,58,1.0,0
47,58,1.0,1
34,58,1.0,1
5,58,2.0,0
21,58,1.0,1
5,58,2.0,0
34,58,0.0,1
5,58,2.0,0
5,58,2.0,0
34,58,0.0,1
34,58,0.0,1
34,58,0.0,1
5,58,2.0,1
5,58,1.0,0
174,58,1.0,1
247,58,1.0,0
247,58,1.0,0
247,58,1.0,0
247,58,1.0,0
247,58,1.0,0
247,58,1.0,0
247,58,1.0,0
247,58,1.0,0
247,58,1.0,0
247,58,1.0,0
247,58,1.0,0
247,58,1.0,0
247,58,1.0,0
247,58,1.0,0
247,58,0.0,1
132,58,0.0,1
132,58,1.0,1
47,58,1.0,1
5,58,0.0,1
166,58,0.0,1
5,58,1.0,1
21,58,1.0,1
21,58,0.0,1
21,58,-1.0,0
5,58,1.0,1
34,58,0.0,1
34,58,0.0,1
34,58,-1.0,1
34,58,0.0,1
34,58,-1.0,1
34,58,0.0,1
34,58,0.0,1
34,58,0.0,1
39,58,-2.0,1
174,58,-2.0,1
96,58,0.0,1
166,58,0.0,1
132,58,0.0,1
267,58,0.0,1
45,58,0.0,0
247,58,1.0,1
267,58,0.0,1
294,58,1.0,1
247,58,1.0,1
132,58,0.0,1
132,58,0.0,1
5,58,1.0,1
39,58,-1.0,1
5,58,1.0,1
5,58,1.0,1
247,58,1.0,1
247,58,0.0,1
247,58,0.0,1
5,58,1.0,1
247,58,0.0,1
5,58,1.0,1
247,58,2.0,0
247,58,1.0,1
247,58,0.0,1
267,58,0.0,1
226,58,1.0,1
247,58,2.0,0
97,58,1.0,1
247,58,1.0,1
247,58,1.0,1
247,58,1.0,1
247,58,1.0,1
97,58,2.0,0
5,58,1.0,1
132,58,2.0,0
132,58,1.0,0
57,58,0.0,1
132,58,1.0,0
57,58,1.0,1
96,58,1.0,1
226,58,1.0,1
247,58,1.0,1
247,58,1.0,1
247,58,1.0,1
5,58,1.0,1
226,58,1.0,1
226,58,1.0,1
267,58,1.0,1
174,58,0.0,1
5,58,1.0,1
5,58,1.0,1
57,58,1.0,1
57,58,1.0,1
5,58,1.0,1
34,58,0.0,1
34,58,0.0,1
57,58,1.0,1
5,58,1.0,1
5,58,1.0,1
247,58,2.0,0
247,58,2.0,0
57,58,1.0,1
132,58,1.0,0
132,58,0.0,1
132,58,1.0,1
132,58,0.0,0
132,58,1.0,1
57,58,1.0,1
107,58,0.0,0
5,58,1.0,1
34,58,0.0,1
295,58,-1.0,1
166,58,0.0,1
247,58,1.0,1
57,58,1.0,1
57,58,0.0,1
280,58,2.0,0
132,58,2.0,0
247,58,0.0,1
247,58,0.0,1
247,58,1.0,1
166,58,0.0,1
34,58,-1.0,1
247,58,1.0,1
247,58,0.0,1
247,58,1.0,1
247,58,1.0,1
247,58,-1.0,1
14,58,1.0,1
247,58,2.0,0
14,58,1.0,1
247,58,1.0,1
247,58,2.0,0
247,58,1.0,1
14,58,0.0,1
166,58,0.0,1
107,58,1.0,1
247,58,1.0,1
247,58,1.0,1
57,58,0.0,1
97,58,2.0,0
247,58,1.0,1
247,58,0.0,1
97,58,0.0,1
247,58,1.0,1
247,58,0.0,0
247,58,1.0,1
247,58,1.0,1
247,58,-1.0,1
247,58,1.0,1
57,58,0.0,1
247,58,1.0,1
247,58,0.0,1
34,58,0.0,1
247,58,1.0,1
247,58,0.0,1
247,58,2.0,0
247,58,1.0,1
247,58,0.0,1
247,58,1.0,1
247,58,2.0,0
247,58,1.0,1
247,58,1.0,1
247,58,1.0,1
34,58,0.0,1
57,58,0.0,1
97,58,2.0,0
111,58,-1.0,1
34,58,-1.0,1
132,58,1.0,1
132,58,1.0,0
97,58,1.0,1
97,58,1.0,1
34,58,0.0,1
129,58,0.0,1
107,58,0.0,1
166,58,0.0,1
97,58,2.0,1
247,58,1.0,0
108,58,1.0,1
247,58,1.0,1
132,58,1.0,0
129,58,1.0,1
97,58,1.0,1
111,58,0.0,1
14,58,1.0,1
47,58,2.0,1
129,58,1.0,1
129,58,0.0,1
129,58,0.0,1
97,58,0.0,1
132,58,1.0,1
97,58,2.0,1
97,58,2.0,1
247,58,0.0,1
247,58,2.0,0
247,58,0.0,1
247,58,1.0,1
166,58,-1.0,1
166,58,1.0,1
132,58,1.0,1
226,58,1.0,1
57,58,1.0,1
132,58,1.0,0
166,58,0.0,1
132,58,2.0,0
132,58,0.0,1
97,58,1.0,1
97,58,1.0,1
97,58,1.0,1
97,58,2.0,1
57,58,0.0,1
247,58,1.0,0
247,58,1.0,1
247,58,-1.0,1
132,58,1.0,0
247,58,1.0,1
97,58,1.0,1
132,58,1.0,0
132,58,1.0,0
132,58,2.0,0
132,58,1.0,0
132,58,1.0,0
170,58,0.0,1
132,58,1.0,0
247,58,1.0,1
132,58,1.0,0
132,58,1.0,0
247,58,1.0,1
57,58,0.0,1
3,58,1.0,1
166,58,1.0,1
413,58,1.0,1
132,58,1.0,0
132,58,1.0,0
132,58,1.0,1
132,58,1.0,1
57,58,0.0,1
132,58,2.0,0
132,58,1.0,0
132,58,1.0,0
132,58,2.0,0
132,58,1.0,0
267,58,0.0,0
132,58,2.0,0
132,58,0.0,1
433,58,2.0,1
60,59,1.0,0
34,59,0.0,1
7,59,1.0,1
68,59,1.0,1
57,59,0.0,1
109,59,1.0,1
101,59,0.0,1
101,59,-1.0,1
55,60,1.0,1
14,60,2.0,0
55,60,1.0,0
14,60,1.0,1
33,60,2.0,0
55,60,1.0,0
10,60,0.0,1
34,60,0.0,1
4,60,2.0,0
47,60,0.0,1
57,60,1.0,1
14,60,1.0,1
61,60,1.0,1
14,60,1.0,1
3,60,1.0,1
57,60,1.0,1
51,60,1.0,1
55,60,1.0,0
55,60,1.0,0
63,60,2.0,0
55,60,1.0,1
165,60,-2.0,0
34,61,0.0,1
34,61,0.0,1
33,61,2.0,0
60,61,1.0,0
52,61,1.0,0
53,61,2.0,0
34,61,0.0,1
34,61,1.0,1
47,61,1.0,1
47,61,1.0,1
47,61,1.0,1
60,61,1.0,0
60,61,2.0,0
63,61,1.0,1
53,61,2.0,1
60,61,2.0,0
57,61,0.0,1
60,61,1.0,0
63,61,1.0,1
60,61,2.0,0
60,61,2.0,0
60,61,2.0,0
14,61,1.0,1
64,61,1.0,1
14,61,1.0,1
120,61,1.0,1
55,61,1.0,1
111,61,1.0,1
111,61,1.0,1
4,61,0.0,1
133,61,2.0,0
34,61,0.0,1
63,61,0.0,1
34,61,0.0,1
120,61,2.0,0
34,63,0.0,1
60,63,2.0,0
61,63,1.0,1
14,63,1.0,0
62,63,1.0,1
62,63,1.0,1
34,63,0.0,1
60,64,2.0,1
14,64,2.0,0
61,64,1.0,1
14,64,1.0,1
14,64,1.0,1
14,64,2.0,1
165,65,0.0,1
165,65,0.0,1
172,65,2.0,0
14,66,1.0,1
55,66,0.0,1
125,66,1.0,1
60,66,2.0,0
60,66,2.0,0
14,66,-1.0,1
165,66,-1.0,1
165,66,-1.0,0
165,66,2.0,1
165,66,1.0,1
165,66,-2.0,1
165,66,-2.0,0
165,66,-1.0,0
97,66,2.0,0
165,66,-2.0,1
111,67,1.0,1
63,67,2.0,0
121,67,2.0,0
57,67,2.0,0
60,67,2.0,0
69,67,2.0,0
60,67,2.0,0
60,67,2.0,0
133,67,1.0,1
14,67,2.0,0
21,67,2.0,0
21,67,2.0,0
111,67,1.0,1
133,67,2.0,1
97,67,2.0,0
34,67,2.0,1
34,67,2.0,1
107,67,2.0,1
97,67,2.0,0
174,67,2.0,0
34,67,2.0,1
0,68,2.0,0
84,68,2.0,0
133,69,1.0,1
133,69,0.0,1
67,69,2.0,1
67,69,2.0,1
133,69,2.0,1
60,70,2.0,0
52,70,1.0,0
60,70,1.0,1
60,70,2.0,0
55,70,1.0,0
60,70,2.0,0
60,70,2.0,0
53,70,1.0,1
62,70,1.0,1
62,70,1.0,1
62,70,1.0,1
62,70,1.0,1
62,70,1.0,1
84,70,2.0,0
83,70,2.0,0
62,70,0.0,1
57,70,1.0,1
62,70,0.0,1
101,70,1.0,1
62,70,0.0,1
62,70,1.0,1
4,70,1.0,1
62,70,1.0,1
62,70,1.0,1
62,70,1.0,1
60,70,2.0,0
101,70,1.0,1
107,70,1.0,1
60,71,2.0,0
134,71,1.0,1
63,72,2.0,1
14,73,1.0,1
14,73,2.0,1
4,73,2.0,0
14,73,1.0,1
51,74,0.0,1
51,74,1.0,1
53,74,2.0,0
33,74,0.0,0
33,74,1.0,0
34,74,0.0,1
53,74,2.0,0
62,74,0.0,1
62,74,0.0,1
51,74,1.0,1
55,74,1.0,0
61,74,2.0,1
51,75,1.0,1
132,75,0.0,1
132,76,0.0,0
66,77,-1.0,1
53,77,2.0,0
53,77,0.0,1
66,78,2.0,0
62,78,0.0,1
62,78,0.0,1
32,78,0.0,1
57,78,0.0,1
21,78,1.0,1
5,78,2.0,0
34,79,0.0,1
61,79,2.0,0
51,79,1.0,1
51,79,1.0,1
62,79,0.0,1
62,79,0.0,1
62,79,0.0,1
34,79,0.0,1
62,79,0.0,1
62,79,1.0,1
51,79,1.0,1
62,79,0.0,1
84,80,2.0,1
57,80,1.0,1
60,80,2.0,0
62,80,1.0,1
57,80,1.0,1
87,80,0.0,1
32,81,1.0,1
132,81,1.0,0
84,82,2.0,0
84,83,2.0,0
62,83,0.0,1
62,83,1.0,1
62,83,1.0,1
62,83,1.0,1
84,83,1.0,1
51,83,1.0,1
57,83,1.0,1
79,84,-1.0,1
62,84,-1.0,1
51,84,1.0,1
32,84,0.0,1
51,84,1.0,1
57,84,1.0,1
62,84,0.0,1
33,84,0.0,0
51,84,1.0,1
54,84,1.0,1
57,84,1.0,1
34,84,0.0,1
34,84,-1.0,1
134,84,2.0,0
134,84,2.0,1
165,84,2.0,1
62,86,1.0,1
32,86,1.0,1
57,86,0.0,1
51,88,1.0,1
62,88,0.0,1
83,89,1.0,1
51,89,2.0,1
62,89,0.0,1
34,89,0.0,1
62,89,0.0,1
39,89,2.0,1
30,90,-2.0,0
30,90,1.0,1
34,91,-1.0,1
62,91,0.0,1
109,91,1.0,1
34,91,-1.0,1
12,92,-1.0,1
109,92,2.0,1
34,93,0.0,1
62,93,0.0,1
62,93,0.0,1
57,93,0.0,1
52,93,1.0,0
60,93,2.0,0
60,93,2.0,0
101,93,0.0,1
101,93,0.0,1
14,93,-1.0,1
60,93,2.0,0
101,93,0.0,1
98,93,-1.0,1
101,93,1.0,1
34,93,0.0,1
53,93,2.0,0
103,93,2.0,0
52,93,1.0,1
111,93,0.0,1
34,93,-2.0,1
101,93,1.0,1
134,93,1.0,1
60,94,2.0,0
52,95,0.0,1
62,95,1.0,1
60,96,2.0,0
60,96,2.0,0
34,96,-1.0,1
70,96,0.0,1
62,96,1.0,1
62,96,-1.0,1
62,96,-1.0,1
34,96,-1.0,1
34,96,-2.0,1
25,96,0.0,1
39,96,-1.0,1
52,96,0.0,1
165,96,-1.0,1
165,96,0.0,1
52,96,1.0,0
165,96,2.0,0
34,96,-1.0,1
166,96,0.0,1
34,96,-1.0,1
166,96,-1.0,1
52,96,1.0,1
165,96,0.0,1
34,96,-1.0,1
174,96,0.0,1
34,96,-1.0,1
247,96,0.0,1
34,96,0.0,1
52,97,0.0,1
101,97,2.0,0
170,97,0.0,1
55,98,0.0,1
103,98,1.0,1
60,98,2.0,0
101,98,0.0,1
101,98,2.0,0
101,98,-1.0,1
107,98,2.0,0
57,98,0.0,1
101,98,2.0,0
101,98,1.0,1
109,98,1.0,1
34,98,1.0,1
110,98,2.0,1
114,98,0.0,1
110,98,1.0,1
101,98,1.0,0
52,98,1.0,1
91,98,1.0,1
125,98,1.0,1
109,98,1.0,1
125,98,1.0,1
125,98,1.0,1
125,98,0.0,1
34,98,0.0,0
14,98,1.0,1
34,98,0.0,1
34,98,0.0,1
59,98,0.0,0
109,99,1.0,1
34,99,0.0,1
92,99,0.0,1
92,99,1.0,1
84,99,2.0,1
101,99,0.0,1
34,99,0.0,1
34,99,0.0,1
101,99,0.0,1
101,99,1.0,1
134,99,0.0,1
134,99,1.0,1
134,99,1.0,1
59,99,1.0,0
101,99,0.0,1
25,99,1.0,1
154,99,0.0,1
34,99,-1.0,0
34,100,-1.0,1
3,100,0.0,1
0,101,2.0,0
57,101,0.0,1
60,101,2.0,0
34,101,1.0,1
92,101,2.0,0
107,101,2.0,0
107,101,1.0,1
59,101,1.0,0
111,101,1.0,1
5,101,2.0,0
34,101,1.0,1
34,101,1.0,1
34,101,1.0,1
34,101,1.0,0
34,101,0.0,1
165,101,-1.0,0
159,101,2.0,0
52,102,1.0,1
34,102,1.0,1
52,102,1.0,1
101,102,1.0,1
34,103,1.0,1
34,103,0.0,1
52,103,1.0,1
60,103,2.0,0
34,103,0.0,1
60,103,2.0,0
91,104,2.0,0
34,104,0.0,1
101,104,1.0,1
174,105,-2.0,1
97,105,1.0,1
34,106,0.0,1
34,106,-1.0,1
34,106,1.0,1
19,106,1.0,1
97,106,2.0,1
101,107,1.0,1
60,107,2.0,0
101,107,2.0,1
34,107,0.0,1
101,107,1.0,1
34,107,-1.0,1
57,107,0.0,1
57,107,0.0,1
57,107,0.0,1
101,107,1.0,1
34,107,1.0,1
114,107,1.0,1
101,107,0.0,1
109,107,2.0,0
101,107,0.0,1
57,107,1.0,1
114,107,0.0,1
34,107,0.0,1
101,107,0.0,1
120,107,1.0,1
120,107,1.0,1
101,107,1.0,1
101,107,1.0,1
101,107,1.0,1
165,107,-1.0,0
165,107,1.0,1
158,107,2.0,0
165,107,1.0,1
123,107,2.0,1
97,107,2.0,1
97,107,2.0,1
57,107,1.0,1
91,109,2.0,1
101,109,0.0,1
101,109,1.0,1
107,109,1.0,1
34,109,1.0,1
101,109,1.0,0
107,109,1.0,1
60,109,2.0,0
60,109,2.0,0
101,109,2.0,1
34,109,0.0,1
101,109,1.0,1
34,109,0.0,1
101,109,1.0,1
34,109,-1.0,1
101,109,1.0,1
114,109,2.0,1
114,109,2.0,0
107,109,2.0,0
39,109,1.0,1
117,109,1.0,1
101,109,1.0,1
57,109,1.0,1
113,109,2.0,0
101,109,0.0,1
101,109,0.0,1
101,109,1.0,1
34,109,-1.0,1
120,109,1.0,1
120,109,1.0,1
101,109,0.0,1
101,109,2.0,0
107,109,1.0,1
101,109,1.0,1
14,110,2.0,1
34,110,2.0,1
61,110,2.0,0
70,111,1.0,1
109,111,2.0,1
114,111,2.0,1
34,111,2.0,1
14,111,1.0,1
34,111,1.0,1
0,111,2.0,0
14,111,1.0,1
101,111,2.0,0
165,111,-1.0,1
109,112,0.0,1
34,113,2.0,0
34,113,2.0,0
109,113,0.0,1
109,113,1.0,1
109,113,1.0,1
117,113,2.0,1
57,113,1.0,1
101,113,1.0,1
32,113,1.0,1
34,113,1.0,1
101,113,1.0,1
101,113,1.0,1
107,113,1.0,1
57,113,1.0,1
120,113,1.0,1
34,113,1.0,1
103,113,2.0,0
57,113,1.0,1
44,113,2.0,0
34,113,0.0,1
120,113,2.0,0
101,113,1.0,1
97,113,2.0,1
192,113,1.0,1
165,113,1.0,1
109,114,2.0,1
109,114,2.0,1
109,114,1.0,1
117,114,0.0,1
14,114,1.0,1
111,114,1.0,1
109,114,1.0,1
92,114,2.0,1
92,114,2.0,1
59,114,1.0,0
84,114,2.0,0
107,114,1.0,1
52,114,1.0,1
107,114,1.0,1
101,114,1.0,1
101,116,1.0,1
101,117,1.0,1
101,117,1.0,1
92,117,2.0,1
55,117,2.0,1
107,117,1.0,1
92,118,1.0,1
107,118,1.0,1
34,118,0.0,1
107,118,1.0,1
52,118,1.0,0
66,118,0.0,1
103,118,2.0,0
19,118,2.0,0
34,118,0.0,1
109,118,2.0,1
109,118,2.0,1
165,119,1.0,1
132,119,0.0,0
24,120,0.0,1
24,120,1.0,1
24,120,2.0,0
101,120,1.0,1
34,120,1.0,1
101,120,-1.0,1
101,120,1.0,1
107,120,2.0,0
107,120,2.0,0
101,120,1.0,1
101,120,1.0,1
101,120,1.0,1
101,120,1.0,1
107,120,2.0,0
5,120,2.0,0
101,120,1.0,1
32,120,1.0,1
123,120,1.0,1
34,120,-1.0,1
101,120,1.0,1
52,120,1.0,1
123,120,2.0,0
101,120,1.0,1
123,120,0.0,1
108,120,1.0,1
247,120,2.0,0
345,120,1.0,1
111,121,1.0,1
101,121,0.0,1
5,121,2.0,0
101,121,0.0,1
101,121,1.0,1
165,121,0.0,1
34,121,0.0,1
166,121,0.0,1
247,121,1.0,1
97,121,1.0,1
97,121,2.0,1
91,122,2.0,0
91,122,2.0,0
34,122,1.0,1
159,122,1.0,1
101,122,1.0,1
99,122,2.0,1
101,122,1.0,1
101,122,1.0,1
107,123,1.0,0
34,123,-1.0,1
5,123,2.0,0
34,123,0.0,1
134,123,1.0,1
134,123,1.0,1
134,123,1.0,1
134,123,1.0,1
134,123,1.0,1
170,123,2.0,0
165,123,2.0,0
97,123,2.0,1
107,124,1.0,1
134,124,2.0,0
34,125,2.0,1
101,125,1.0,1
101,125,2.0,0
111,125,1.0,1
34,125,1.0,1
0,126,0.0,1
34,126,-1.0,1
133,126,0.0,1
39,126,-1.0,1
3,126,0.0,1
39,126,-2.0,0
247,126,0.0,1
120,127,2.0,0
123,127,2.0,0
47,127,2.0,0
0,127,1.0,1
14,127,1.0,1
134,127,2.0,0
60,127,2.0,0
134,127,1.0,1
165,127,1.0,0
34,128,0.0,1
34,128,1.0,1
34,128,1.0,1
120,128,2.0,0
44,128,2.0,0
185,129,0.0,1
185,129,1.0,1
185,129,1.0,1
101,129,1.0,1
185,129,0.0,1
154,129,1.0,0
132,129,0.0,0
101,129,1.0,1
14,129,0.0,1
132,129,0.0,1
170,129,1.0,1
210,129,0.0,1
166,129,-1.0,1
170,129,0.0,1
34,129,0.0,1
101,129,1.0,1
34,129,0.0,1
101,129,1.0,1
165,129,-1.0,1
3,129,1.0,1
166,129,0.0,1
170,129,0.0,1
165,129,0.0,1
101,129,0.0,1
34,129,1.0,1
34,129,0.0,1
166,129,2.0,0
170,129,1.0,1
132,129,0.0,0
52,129,1.0,1
52,129,1.0,1
165,129,0.0,1
232,129,0.0,1
165,129,0.0,1
34,129,0.0,1
101,129,1.0,1
34,129,0.0,1
30,129,1.0,1
30,129,0.0,1
101,129,0.0,1
101,129,2.0,0
132,129,1.0,1
166,129,1.0,1
172,129,1.0,0
47,129,1.0,1
235,129,1.0,1
140,129,1.0,1
165,129,0.0,1
30,129,0.0,1
101,129,0.0,1
166,129,1.0,1
101,129,0.0,1
30,129,1.0,1
121,129,0.0,1
30,129,0.0,0
247,129,1.0,0
30,129,-1.0,1
34,129,0.0,1
165,129,0.0,1
166,129,0.0,1
132,129,1.0,0
247,129,2.0,1
247,129,1.0,1
107,129,0.0,1
247,129,0.0,1
134,130,0.0,1
123,130,0.0,1
134,130,0.0,1
134,130,0.0,1
134,130,0.0,1
134,130,-1.0,1
135,130,2.0,1
135,130,2.0,1
135,130,1.0,1
34,130,-1.0,1
133,130,-1.0,1
134,130,0.0,1
34,130,-2.0,0
39,130,-2.0,0
158,130,0.0,1
3,130,0.0,1
155,130,1.0,1
158,130,1.0,1
97,130,0.0,1
165,130,-1.0,0
170,132,0.0,0
154,132,1.0,0
154,132,1.0,0
165,132,0.0,1
165,132,0.0,1
165,132,2.0,0
165,132,1.0,1
221,132,1.0,1
165,132,1.0,1
140,132,0.0,1
165,132,2.0,1
165,132,1.0,1
237,132,2.0,1
214,132,1.0,1
247,132,2.0,0
247,132,2.0,0
247,132,2.0,0
221,132,0.0,1
134,133,0.0,1
134,133,0.0,1
134,133,2.0,0
134,133,2.0,0
14,133,1.0,1
134,133,2.0,0
134,133,-1.0,1
124,133,1.0,1
34,133,0.0,1
106,133,2.0,0
111,133,1.0,1
14,133,1.0,1
101,133,0.0,1
14,133,1.0,1
34,133,0.0,1
34,133,0.0,1
34,133,0.0,1
101,133,1.0,1
101,133,1.0,1
14,133,1.0,1
153,133,2.0,0
25,133,2.0,0
155,133,2.0,0
153,133,2.0,0
99,133,1.0,1
25,133,2.0,0
14,133,1.0,1
25,133,1.0,0
97,133,2.0,0
101,133,1.0,1
160,133,2.0,1
154,133,0.0,1
154,133,1.0,1
158,133,2.0,0
154,133,1.0,1
134,133,2.0,0
154,133,0.0,1
154,133,-1.0,1
182,133,1.0,0
165,133,-1.0,0
134,133,0.0,1
134,133,1.0,1
165,133,-1.0,1
154,133,1.0,0
154,133,0.0,1
154,133,0.0,1
165,133,1.0,1
165,133,-1.0,1
101,133,1.0,1
170,133,2.0,1
172,133,2.0,0
47,133,1.0,1
115,133,1.0,1
132,133,0.0,1
132,133,0.0,0
34,133,0.0,1
185,133,2.0,0
235,133,1.0,1
34,133,-1.0,1
165,133,0.0,1
30,133,1.0,0
247,133,1.0,0
128,133,2.0,1
165,133,0.0,1
159,133,2.0,0
214,133,0.0,1
47,133,0.0,1
214,133,0.0,1
214,133,1.0,1
247,133,1.0,0
5,134,2.0,0
128,134,1.0,1
114,134,0.0,1
59,134,1.0,0
59,134,1.0,0
59,134,1.0,0
60,134,2.0,0
14,134,1.0,1
34,134,0.0,1
133,134,0.0,1
133,134,2.0,0
52,134,2.0,0
84,134,2.0,0
133,134,0.0,1
84,134,2.0,1
34,134,1.0,1
25,134,1.0,0
34,134,1.0,1
150,134,1.0,1
59,134,1.0,0
150,134,0.0,1
14,134,1.0,1
14,134,-1.0,1
133,134,0.0,1
60,134,2.0,0
154,134,1.0,1
133,134,1.0,1
97,134,1.0,1
62,134,0.0,1
165,134,0.0,0
165,134,-1.0,0
164,134,1.0,0
131,134,1.0,1
168,134,-1.0,0
97,134,1.0,1
154,134,2.0,0
25,134,2.0,0
169,134,1.0,0
25,134,2.0,1
154,134,1.0,1
154,134,1.0,1
165,134,0.0,0
144,134,-1.0,1
172,134,1.0,1
101,134,0.0,1
172,134,1.0,1
19,134,2.0,0
170,134,-1.0,1
154,134,0.0,1
172,134,2.0,0
101,134,0.0,0
172,134,2.0,0
165,134,-1.0,0
170,134,-1.0,1
182,134,1.0,1
170,134,1.0,0
172,134,1.0,1
165,134,-1.0,0
34,134,0.0,1
170,134,-1.0,1
51,134,1.0,0
169,134,0.0,1
34,134,0.0,1
34,134,0.0,1
172,134,1.0,1
172,134,1.0,1
34,134,1.0,1
159,134,1.0,1
123,134,2.0,1
185,134,2.0,0
101,134,0.0,1
154,134,2.0,0
170,134,1.0,1
132,134,0.0,0
165,134,2.0,0
132,134,1.0,0
52,134,2.0,0
101,134,1.0,1
165,134,0.0,1
165,134,0.0,0
170,134,1.0,1
154,134,1.0,1
165,134,0.0,1
34,134,0.0,1
34,134,0.0,1
34,134,0.0,1
132,134,0.0,0
129,134,0.0,1
101,134,0.0,1
158,134,2.0,0
14,135,0.0,1
34,135,-1.0,1
267,136,1.0,1
247,137,1.0,1
247,137,1.0,1
34,137,2.0,0
174,137,2.0,0
57,137,1.0,1
14,138,0.0,1
111,138,2.0,0
101,138,1.0,1
34,138,0.0,1
14,138,2.0,0
14,138,1.0,1
154,138,-1.0,1
34,139,1.0,1
107,139,1.0,1
34,139,0.0,1
0,140,2.0,0
133,140,0.0,1
101,140,1.0,1
192,140,2.0,0
123,140,2.0,0
170,140,0.0,1
34,140,0.0,1
30,140,2.0,0
258,140,2.0,0
132,140,0.0,1
165,140,2.0,1
34,140,0.0,1
97,140,2.0,1
170,140,1.0,1
226,141,1.0,1
133,142,-1.0,1
247,142,1.0,0
247,142,0.0,1
247,142,-1.0,1
165,143,0.0,1
59,144,1.0,0
101,144,1.0,1
101,144,1.0,1
123,144,2.0,0
3,144,1.0,1
97,144,2.0,1
97,144,2.0,0
97,144,2.0,0
14,144,0.0,1
133,144,0.0,1
133,144,0.0,1
134,144,-1.0,1
165,144,-1.0,0
34,144,0.0,1
165,144,-1.0,0
123,144,0.0,1
191,144,-1.0,1
165,144,-1.0,1
165,144,0.0,1
154,144,1.0,0
14,144,0.0,1
111,145,2.0,0
101,145,1.0,1
60,145,2.0,0
25,145,1.0,1
101,145,1.0,1
154,145,1.0,0
59,146,1.0,0
153,147,2.0,1
247,147,1.0,0
247,147,1.0,0
153,147,2.0,1
34,147,-1.0,1
97,148,1.0,1
3,149,2.0,1
170,149,0.0,1
180,149,0.0,1
34,149,-1.0,1
34,149,-1.0,1
34,149,0.0,1
101,149,1.0,1
238,149,2.0,0
61,149,2.0,0
61,149,1.0,1
61,149,1.0,1
34,149,0.0,1
175,149,1.0,1
165,149,0.0,1
34,150,-1.0,1
101,150,0.0,1
59,150,1.0,0
155,150,1.0,0
247,151,1.0,0
34,151,0.0,1
247,152,1.0,0
226,152,1.0,1
47,152,1.0,1
247,152,1.0,0
99,153,1.0,1
99,153,2.0,0
14,153,1.0,1
99,153,2.0,1
14,153,1.0,1
150,153,2.0,0
25,153,2.0,0
60,153,2.0,0
158,153,1.0,0
133,153,-1.0,1
34,153,0.0,1
158,153,2.0,0
154,153,0.0,1
165,153,0.0,1
101,153,1.0,1
154,153,2.0,0
138,153,1.0,1
158,153,1.0,0
133,154,-1.0,1
158,154,2.0,0
101,154,0.0,1
158,154,2.0,0
158,154,1.0,1
3,154,1.0,0
158,154,2.0,0
158,154,1.0,0
101,154,1.0,1
121,154,1.0,0
62,154,-1.0,1
101,154,1.0,1
39,154,1.0,1
101,154,1.0,1
122,154,1.0,1
165,154,-2.0,0
165,154,0.0,0
165,154,0.0,0
165,154,-1.0,0
182,154,2.0,0
62,154,0.0,1
62,154,-1.0,1
34,154,0.0,1
34,154,0.0,1
165,154,0.0,0
170,154,1.0,0
170,154,0.0,1
158,154,2.0,0
185,154,2.0,0
133,154,-1.0,1
158,154,2.0,0
52,154,2.0,0
165,154,2.0,0
165,154,0.0,0
101,154,1.0,1
101,154,2.0,0
101,154,1.0,1
101,154,1.0,1
101,154,1.0,1
165,154,0.0,1
165,154,0.0,1
101,154,1.0,1
158,154,0.0,1
101,154,1.0,1
30,154,-1.0,1
101,154,1.0,1
101,154,0.0,1
170,154,1.0,1
101,154,1.0,1
165,154,1.0,1
194,154,2.0,1
170,154,1.0,1
165,154,0.0,1
101,154,1.0,1
101,154,0.0,1
101,154,1.0,1
165,154,0.0,1
34,154,0.0,1
165,154,-1.0,1
153,155,2.0,0
51,155,1.0,1
99,155,1.0,1
97,155,1.0,1
165,155,0.0,0
158,156,2.0,0
165,157,0.0,0
219,157,-1.0,0
3,157,1.0,1
123,157,0.0,1
165,157,0.0,1
113,157,0.0,1
165,157,1.0,1
120,157,2.0,0
247,157,0.0,0
247,157,1.0,0
5,157,2.0,0
132,157,1.0,0
129,157,-1.0,1
153,158,2.0,0
97,158,0.0,1
97,158,2.0,0
154,158,1.0,1
97,158,-1.0,1
154,158,1.0,1
101,158,0.0,1
165,158,-1.0,1
101,158,1.0,1
165,158,-1.0,0
165,158,0.0,1
165,158,0.0,1
19,158,2.0,0
132,158,-1.0,1
166,158,1.0,1
99,159,2.0,1
154,159,-1.0,1
101,159,0.0,1
101,159,1.0,1
97,159,2.0,1
165,159,1.0,1
101,159,1.0,1
51,160,1.0,1
101,160,1.0,1
165,161,-1.0,0
34,161,0.0,1
247,161,0.0,1
132,161,2.0,0
247,161,0.0,1
97,162,2.0,0
165,162,0.0,0
107,162,1.0,0
97,162,2.0,0
133,162,-1.0,1
169,162,0.0,0
165,162,0.0,0
165,162,1.0,0
165,162,0.0,0
101,162,2.0,0
165,162,1.0,1
192,162,2.0,0
165,162,1.0,1
132,162,1.0,0
132,162,1.0,1
166,162,2.0,1
247,162,1.0,1
34,162,1.0,1
34,162,2.0,1
97,162,1.0,1
166,162,1.0,1
57,163,-1.0,1
165,163,-1.0,1
226,163,1.0,1
34,163,-1.0,1
51,164,1.0,1
134,164,0.0,1
133,164,-1.0,1
165,164,0.0,0
123,164,1.0,1
170,164,1.0,0
165,164,1.0,1
170,164,-1.0,1
101,164,1.0,1
170,164,2.0,0
165,164,1.0,1
34,164,0.0,1
165,164,0.0,1
52,164,0.0,1
159,164,1.0,1
132,164,0.0,0
170,164,1.0,0
34,164,1.0,1
133,165,1.0,1
158,165,2.0,0
159,165,-1.0,1
97,165,2.0,0
97,165,2.0,0
34,165,1.0,1
158,165,2.0,0
6,165,0.0,1
6,165,2.0,0
154,165,1.0,0
154,165,2.0,0
133,165,1.0,1
34,165,1.0,1
164,165,2.0,0
169,165,1.0,0
101,165,1.0,1
25,165,2.0,0
25,165,1.0,0
134,165,2.0,0
134,165,2.0,1
154,165,0.0,1
101,165,0.0,1
154,165,2.0,0
34,165,0.0,1
154,165,2.0,0
60,165,2.0,0
107,165,2.0,0
25,165,2.0,0
168,165,0.0,1
60,165,2.0,0
133,165,0.0,1
14,165,1.0,1
122,165,1.0,1
154,165,1.0,0
150,165,2.0,0
158,165,2.0,0
172,165,1.0,1
159,165,2.0,0
172,165,2.0,0
154,165,0.0,1
51,165,2.0,1
134,165,2.0,0
134,165,1.0,1
51,165,2.0,1
134,165,0.0,1
134,165,0.0,1
134,165,-1.0,1
133,165,0.0,1
133,165,1.0,1
97,165,2.0,1
170,165,2.0,0
133,165,-1.0,1
134,165,-1.0,1
159,165,2.0,0
170,165,2.0,0
172,165,1.0,1
180,165,2.0,1
154,165,0.0,1
170,165,0.0,1
101,165,0.0,1
123,165,2.0,1
34,165,0.0,1
34,165,0.0,1
34,165,0.0,1
34,165,0.0,1
159,165,1.0,1
123,165,2.0,0
34,165,0.0,1
170,165,0.0,1
34,165,0.0,1
158,165,2.0,0
159,165,2.0,0
34,165,1.0,1
170,165,2.0,0
144,165,-2.0,1
123,165,1.0,1
123,165,2.0,1
191,165,1.0,1
185,165,2.0,0
138,165,1.0,1
185,165,2.0,1
134,165,2.0,0
101,165,1.0,1
138,165,1.0,1
154,165,1.0,0
145,165,2.0,0
154,165,0.0,1
191,165,0.0,1
34,165,-1.0,1
133,165,-1.0,1
185,165,2.0,1
191,165,0.0,1
154,165,1.0,0
168,165,2.0,0
185,165,2.0,1
185,165,2.0,0
184,165,1.0,1
138,165,1.0,1
154,165,0.0,1
154,165,1.0,0
34,165,1.0,1
34,165,-1.0,1
154,165,-1.0,1
123,165,0.0,1
154,165,1.0,0
154,165,0.0,1
133,165,0.0,1
170,165,2.0,0
133,165,-1.0,1
91,165,0.0,1
185,165,2.0,0
158,165,2.0,0
154,165,2.0,0
172,165,2.0,0
158,165,2.0,0
101,165,2.0,0
154,165,0.0,1
154,165,1.0,0
154,165,1.0,0
52,165,2.0,0
128,165,2.0,1
106,165,2.0,0
128,165,2.0,1
154,165,2.0,0
170,165,2.0,0
154,165,1.0,0
133,165,1.0,1
133,165,-1.0,1
187,165,1.0,1
52,165,2.0,0
187,165,1.0,1
158,165,2.0,0
30,165,1.0,1
14,165,2.0,1
185,165,2.0,0
101,165,1.0,1
123,165,2.0,0
154,165,2.0,0
187,165,2.0,0
154,165,0.0,1
187,165,1.0,1
154,165,1.0,0
52,165,2.0,0
170,165,2.0,1
187,165,1.0,1
187,165,1.0,1
154,165,1.0,0
52,165,2.0,0
154,165,1.0,0
154,165,1.0,0
158,165,2.0,0
170,165,2.0,0
52,165,2.0,0
187,165,-1.0,1
145,165,1.0,1
145,165,2.0,0
52,165,2.0,1
158,165,2.0,1
158,165,2.0,0
114,165,2.0,0
158,165,2.0,0
170,165,1.0,1
132,165,1.0,0
154,165,1.0,0
52,165,2.0,0
30,165,-1.0,1
132,165,0.0,0
180,165,0.0,1
154,165,1.0,0
52,165,2.0,1
154,165,2.0,0
176,165,1.0,0
176,165,1.0,0
176,165,2.0,0
132,165,2.0,0
154,165,1.0,0
132,165,0.0,0
166,165,2.0,0
158,165,2.0,0
132,165,0.0,0
132,165,1.0,0
132,165,0.0,0
192,165,1.0,1
154,165,1.0,0
52,165,1.0,0
154,165,2.0,0
154,165,2.0,0
134,165,0.0,1
132,165,1.0,0
132,165,1.0,0
73,165,2.0,0
123,165,2.0,0
154,165,1.0,0
154,165,1.0,0
52,165,1.0,1
132,165,1.0,0
207,165,1.0,1
154,165,1.0,0
185,165,2.0,1
176,165,1.0,0
176,165,2.0,0
172,165,2.0,0
172,165,2.0,0
185,165,2.0,0
176,165,2.0,0
60,165,-1.0,1
132,165,1.0,1
115,165,1.0,0
121,165,2.0,0
132,165,1.0,1
129,165,0.0,1
58,165,1.0,0
210,165,2.0,0
170,165,0.0,1
210,165,2.0,1
132,165,1.0,0
115,165,2.0,0
132,165,0.0,0
97,165,2.0,0
132,165,0.0,0
132,165,2.0,0
170,165,2.0,0
132,165,1.0,0
158,165,2.0,0
181,165,2.0,0
185,165,2.0,0
121,165,2.0,0
52,165,2.0,1
185,165,2.0,1
97,165,2.0,0
101,165,1.0,1
166,165,2.0,1
166,165,1.0,1
166,165,1.0,1
101,165,1.0,1
166,165,2.0,0
73,165,1.0,1
48,165,1.0,1
132,165,2.0,0
170,165,1.0,1
144,165,2.0,1
170,165,1.0,1
185,165,2.0,0
132,165,1.0,1
132,165,1.0,0
132,165,1.0,0
66,165,1.0,1
66,165,1.0,1
166,165,1.0,1
121,165,2.0,0
132,165,1.0,1
132,165,1.0,0
166,165,-1.0,1
166,165,1.0,1
132,165,1.0,0
132,165,1.0,0
132,165,1.0,0
132,165,2.0,0
166,165,2.0,0
166,165,1.0,1
132,165,2.0,0
123,165,2.0,0
123,165,2.0,1
97,165,2.0,0
123,165,2.0,0
97,165,1.0,1
166,165,2.0,1
97,165,2.0,0
132,165,2.0,0
132,165,1.0,1
132,165,1.0,0
97,165,2.0,0
170,165,1.0,0
30,165,0.0,1
132,165,1.0,0
30,165,0.0,1
30,165,1.0,1
132,165,1.0,0
30,165,0.0,1
132,165,1.0,0
132,165,1.0,0
132,165,1.0,0
132,165,1.0,0
14,165,2.0,0
14,165,2.0,1
132,165,2.0,0
132,165,1.0,0
132,165,1.0,0
132,165,1.0,0
132,165,1.0,0
30,165,0.0,1
226,165,2.0,0
66,165,-1.0,1
132,165,1.0,0
30,165,0.0,1
226,165,2.0,0
30,165,0.0,1
132,165,1.0,1
132,165,1.0,0
140,165,2.0,0
97,165,2.0,0
111,165,0.0,1
247,165,1.0,0
140,165,2.0,0
132,165,2.0,0
132,165,1.0,0
111,165,0.0,1
111,165,1.0,1
247,165,0.0,0
247,165,1.0,0
111,165,0.0,1
192,165,1.0,1
175,165,1.0,1
192,165,-1.0,1
97,165,0.0,1
140,165,1.0,0
247,165,0.0,0
247,165,2.0,0
30,165,-1.0,1
97,165,2.0,1
170,165,2.0,0
132,165,1.0,0
247,165,0.0,1
132,165,1.0,0
247,165,1.0,0
166,165,2.0,1
170,165,1.0,1
30,165,-1.0,1
30,165,-1.0,1
144,165,2.0,1
97,165,1.0,1
97,165,2.0,0
132,165,1.0,0
132,165,2.0,0
57,165,2.0,0
97,165,2.0,0
66,165,-1.0,1
128,165,2.0,1
132,165,1.0,0
132,165,1.0,0
30,165,-1.0,1
271,165,1.0,1
132,165,2.0,0
132,165,1.0,0
132,165,1.0,0
192,165,1.0,1
192,165,1.0,1
192,165,1.0,0
132,165,2.0,0
97,165,2.0,0
123,165,1.0,1
237,165,2.0,0
123,165,2.0,0
237,165,2.0,1
123,165,2.0,0
132,165,1.0,1
132,165,1.0,1
164,165,1.0,1
132,165,1.0,0
132,165,2.0,0
132,165,2.0,0
66,165,-1.0,1
132,165,1.0,0
132,165,1.0,1
247,165,2.0,0
57,165,1.0,1
123,165,2.0,0
123,165,2.0,1
123,165,2.0,0
132,165,1.0,0
30,165,-1.0,1
97,165,1.0,1
123,165,1.0,1
123,165,2.0,0
192,165,1.0,0
237,165,2.0,0
132,165,1.0,0
132,165,1.0,0
132,165,1.0,1
132,165,2.0,0
132,165,1.0,0
97,165,2.0,1
170,165,2.0,0
66,165,-1.0,1
107,165,1.0,1
45,165,2.0,0
247,165,2.0,0
170,165,2.0,0
226,165,2.0,0
132,165,2.0,0
192,165,1.0,1
132,165,1.0,0
192,165,1.0,1
132,165,2.0,0
132,165,1.0,0
113,165,1.0,1
192,165,1.0,1
258,165,2.0,1
258,165,2.0,0
237,165,2.0,0
192,165,1.0,1
153,165,2.0,0
63,165,1.0,1
221,165,2.0,0
221,165,1.0,1
121,165,2.0,0
121,165,2.0,0
121,165,2.0,0
121,165,2.0,0
63,165,2.0,1
132,165,1.0,0
132,165,1.0,0
237,165,2.0,0
132,165,1.0,0
132,165,1.0,0
120,165,2.0,0
247,165,2.0,0
237,165,2.0,0
63,165,0.0,1
107,165,1.0,0
132,165,1.0,0
132,165,2.0,0
132,165,2.0,0
132,165,1.0,0
132,165,2.0,0
132,165,1.0,0
214,165,1.0,1
214,165,1.0,1
132,165,1.0,1
114,165,2.0,0
132,165,1.0,0
132,165,1.0,0
132,165,1.0,1
45,165,1.0,0
294,165,2.0,1
294,165,1.0,1
45,165,1.0,0
34,165,-1.0,1
45,165,1.0,1
57,165,1.0,1
57,165,1.0,1
57,165,1.0,1
57,165,0.0,1
57,165,1.0,1
97,165,1.0,1
97,165,2.0,1
57,165,1.0,1
57,165,0.0,1
433,165,1.0,1
165,166,2.0,0
34,166,2.0,1
101,166,0.0,0
165,166,0.0,1
165,166,0.0,1
185,166,1.0,1
158,166,2.0,0
101,166,0.0,1
154,166,2.0,0
165,166,0.0,1
192,166,2.0,0
170,166,2.0,0
185,166,2.0,0
132,166,0.0,1
165,166,-1.0,1
185,166,2.0,0
30,166,1.0,1
121,166,2.0,0
165,166,-1.0,1
61,166,2.0,1
192,166,1.0,0
247,166,2.0,0
34,166,2.0,1
47,166,1.0,1
5,166,2.0,0
247,166,1.0,1
267,166,2.0,0
34,166,1.0,1
96,166,1.0,1
132,166,1.0,0
57,166,1.0,1
57,166,1.0,1
132,166,1.0,0
107,166,2.0,0
132,166,1.0,0
34,166,0.0,1
57,166,0.0,1
34,166,0.0,1
14,166,1.0,1
132,166,2.0,0
247,166,2.0,0
247,166,1.0,1
51,167,1.0,1
34,168,-1.0,1
34,168,1.0,1
165,168,-1.0,0
51,168,1.0,1
52,168,0.0,0
121,168,-2.0,1
131,168,1.0,1
154,169,2.0,0
133,169,-1.0,1
171,169,-2.0,0
34,169,-1.0,1
165,169,0.0,1
192,169,-1.0,1
123,169,1.0,1
34,169,-2.0,1
123,169,-1.0,1
180,169,1.0,1
165,169,0.0,1
140,169,0.0,1
123,169,0.0,1
3,169,1.0,1
140,169,0.0,1
140,169,0.0,1
34,169,-1.0,1
140,169,0.0,1
34,169,-1.0,1
165,169,2.0,0
165,170,2.0,1
154,170,-1.0,1
165,170,2.0,0
182,170,2.0,0
34,170,0.0,1
133,170,0.0,1
165,170,0.0,1
168,170,2.0,0
123,170,2.0,0
165,170,0.0,1
34,170,1.0,1
34,170,0.0,1
133,170,1.0,1
34,170,1.0,1
154,170,1.0,1
34,170,1.0,1
34,170,2.0,0
133,170,1.0,1
165,170,0.0,1
101,170,1.0,1
99,170,2.0,0
154,170,1.0,0
101,170,1.0,1
192,170,1.0,1
101,170,1.0,1
165,170,2.0,0
101,170,1.0,1
165,170,2.0,0
165,170,2.0,0
132,170,0.0,0
165,170,0.0,1
165,170,0.0,1
34,170,1.0,1
165,170,2.0,1
192,170,1.0,1
192,170,2.0,0
237,170,2.0,0
51,171,1.0,1
165,171,0.0,0
165,171,1.0,0
101,171,0.0,1
160,172,2.0,0
144,172,2.0,1
154,173,1.0,0
165,173,0.0,1
247,173,1.0,0
247,174,1.0,0
34,174,2.0,1
34,174,1.0,1
34,174,1.0,1
214,174,2.0,1
45,174,2.0,0
118,175,2.0,0
118,175,1.0,0
30,175,1.0,1
132,175,1.0,0
185,175,2.0,1
34,175,1.0,1
192,175,1.0,1
34,175,1.0,1
192,175,2.0,0
165,175,-1.0,1
247,175,1.0,0
123,175,2.0,0
165,175,-1.0,1
34,175,1.0,1
34,175,0.0,1
165,175,0.0,1
185,176,2.0,0
170,176,1.0,0
165,178,-1.0,1
170,178,1.0,0
57,178,1.0,1
267,178,1.0,1
247,178,1.0,0
3,179,1.0,0
165,180,-1.0,0
92,180,1.0,1
92,180,0.0,1
144,180,0.0,1
34,180,-1.0,1
170,180,-1.0,1
99,180,1.0,1
165,180,1.0,0
34,180,-1.0,1
154,180,0.0,1
52,180,0.0,1
165,180,0.0,1
172,180,2.0,0
101,180,0.0,1
185,180,1.0,1
101,180,1.0,1
175,180,2.0,0
154,180,0.0,1
154,180,1.0,0
44,180,1.0,0
165,180,1.0,1
206,180,2.0,1
185,180,1.0,1
165,180,1.0,1
101,180,1.0,1
170,180,1.0,1
159,180,0.0,1
170,180,1.0,1
154,180,0.0,1
101,180,1.0,1
165,180,0.0,1
165,180,2.0,0
34,180,1.0,1
121,180,2.0,0
30,180,-2.0,1
30,180,1.0,0
192,180,2.0,0
166,180,1.0,1
14,180,1.0,1
166,180,0.0,1
97,180,2.0,1
101,181,1.0,1
131,182,1.0,1
165,182,-1.0,0
3,182,1.0,1
99,182,2.0,1
154,182,1.0,1
247,183,1.0,1
267,183,0.0,1
132,183,1.0,1
57,183,1.0,1
267,183,0.0,1
57,183,1.0,1
34,183,-1.0,1
97,183,1.0,1
97,183,1.0,1
57,183,0.0,0
97,183,2.0,1
165,184,0.0,1
101,184,0.0,1
154,184,1.0,1
165,184,0.0,1
187,184,1.0,1
172,184,2.0,0
159,184,2.0,0
165,184,0.0,1
206,184,1.0,1
166,184,2.0,1
166,184,1.0,1
166,184,1.0,1
247,184,0.0,0
247,184,1.0,1
247,184,1.0,1
247,184,0.0,1
247,184,0.0,1
34,184,0.0,1
247,184,0.0,1
247,184,2.0,0
132,184,0.0,0
47,184,2.0,1
247,184,1.0,1
294,184,2.0,0
247,184,0.0,1
166,184,2.0,1
165,185,1.0,1
34,185,0.0,1
174,185,2.0,0
51,185,1.0,1
101,185,1.0,1
158,185,2.0,0
101,185,1.0,1
165,185,0.0,1
165,185,0.0,1
101,185,0.0,1
154,185,0.0,1
165,185,1.0,1
101,185,1.0,1
154,185,1.0,0
101,185,0.0,1
170,185,2.0,0
132,185,1.0,0
165,185,0.0,0
101,185,0.0,1
52,186,1.0,1
237,186,2.0,1
140,186,0.0,1
34,186,1.0,1
107,186,2.0,0
34,186,-1.0,1
271,186,1.0,1
192,186,1.0,1
45,186,1.0,0
267,186,1.0,1
34,186,1.0,1
154,187,0.0,1
34,187,0.0,1
34,187,-1.0,1
101,187,-1.0,1
138,187,1.0,1
138,187,1.0,1
114,187,0.0,1
165,187,0.0,1
165,187,-1.0,1
121,187,1.0,1
51,187,1.0,1
51,187,1.0,1
165,187,0.0,1
101,187,0.0,1
34,188,0.0,1
34,188,0.0,1
96,188,0.0,1
34,188,-1.0,1
96,188,0.0,1
34,188,-1.0,1
226,188,1.0,1
34,189,1.0,1
101,189,1.0,1
185,189,0.0,1
34,190,0.0,1
52,191,1.0,1
158,191,-1.0,1
165,191,-1.0,1
101,191,-1.0,1
158,191,2.0,0
101,192,0.0,1
159,192,1.0,1
154,192,0.0,1
154,192,1.0,0
101,192,0.0,1
52,192,1.0,1
185,192,2.0,0
185,192,1.0,1
52,192,1.0,1
165,192,0.0,1
165,192,0.0,1
165,192,0.0,1
166,192,1.0,1
52,192,2.0,1
30,192,1.0,0
123,192,1.0,1
165,192,-1.0,1
132,192,1.0,0
165,192,0.0,1
174,192,1.0,0
101,193,2.0,0
165,194,-1.0,1
34,194,-2.0,1
34,194,-1.0,1
34,194,-2.0,1
34,194,-1.0,1
34,194,-1.0,1
34,194,-2.0,1
123,194,-1.0,1
34,194,-2.0,1
164,194,1.0,1
159,194,0.0,1
5,194,1.0,1
39,194,-1.0,1
34,194,-2.0,0
101,195,2.0,0
57,195,2.0,1
101,195,1.0,1
159,195,2.0,0
165,195,2.0,0
159,195,2.0,1
101,195,0.0,1
101,195,0.0,1
158,195,2.0,0
101,195,2.0,1
165,195,-1.0,1
165,195,0.0,1
101,195,2.0,0
158,195,1.0,1
165,195,0.0,1
101,195,1.0,1
101,195,2.0,0
165,195,0.0,1
154,195,1.0,0
165,195,1.0,1
165,195,1.0,1
165,195,1.0,1
52,195,1.0,1
204,195,0.0,0
165,195,0.0,1
165,195,1.0,1
101,195,2.0,0
165,195,0.0,1
101,195,1.0,1
165,195,2.0,0
101,195,1.0,1
154,195,1.0,0
101,195,1.0,1
165,195,0.0,0
165,195,0.0,0
101,195,-1.0,1
158,195,1.0,1
101,195,0.0,1
101,195,0.0,1
165,195,0.0,1
101,195,1.0,1
165,195,0.0,1
101,195,1.0,1
101,195,1.0,1
158,195,2.0,1
123,195,2.0,0
165,195,0.0,1
165,195,-1.0,1
34,195,0.0,1
114,195,2.0,0
165,195,0.0,1
101,195,0.0,1
97,195,2.0,0
101,195,1.0,1
101,195,1.0,1
165,195,0.0,1
165,195,0.0,1
101,195,0.0,1
101,195,0.0,1
165,195,0.0,1
165,195,0.0,1
192,195,1.0,1
101,195,1.0,1
121,195,2.0,1
165,195,2.0,0
123,195,1.0,1
123,195,1.0,1
165,195,0.0,1
165,195,0.0,1
123,195,0.0,1
192,195,0.0,1
165,195,0.0,1
34,195,0.0,1
247,195,0.0,0
165,195,0.0,1
140,195,1.0,0
34,195,-1.0,1
165,195,0.0,1
101,196,-1.0,1
101,196,0.0,1
165,196,0.0,1
165,196,0.0,1
154,197,2.0,0
92,198,0.0,1
34,199,-2.0,0
34,199,-2.0,1
165,200,-1.0,1
101,200,0.0,1
195,201,0.0,1
165,201,-1.0,1
154,201,1.0,0
101,201,1.0,1
165,201,1.0,0
154,201,0.0,1
132,201,0.0,0
165,201,0.0,1
101,201,0.0,1
185,201,2.0,0
165,201,0.0,1
132,201,1.0,0
132,201,0.0,0
3,202,1.0,1
185,203,1.0,1
170,203,1.0,0
3,204,1.0,1
60,204,1.0,0
34,204,0.0,1
34,205,-2.0,0
34,205,-2.0,1
52,205,0.0,1
34,205,-2.0,0
34,205,-2.0,1
34,205,-2.0,0
34,205,-2.0,1
165,205,-2.0,0
34,205,-2.0,1
34,205,-2.0,0
34,205,-2.0,0
34,205,-2.0,1
34,205,-2.0,0
34,205,-2.0,0
34,205,-2.0,1
34,205,-2.0,1
39,205,-2.0,0
34,205,-2.0,1
181,205,0.0,1
39,205,-2.0,0
165,206,0.0,1
101,206,-1.0,1
180,206,2.0,0
154,206,-2.0,1
184,206,2.0,0
170,206,1.0,1
7,206,-2.0,1
159,206,-1.0,1
207,206,2.0,0
165,206,0.0,1
101,206,0.0,1
154,206,0.0,1
132,206,1.0,0
66,206,-2.0,0
97,206,1.0,1
34,206,0.0,1
101,206,2.0,0
133,206,-1.0,1
247,206,1.0,0
247,206,1.0,0
247,206,1.0,0
34,206,0.0,1
431,206,0.0,1
52,207,1.0,1
206,207,1.0,1
132,207,0.0,0
185,207,2.0,0
170,207,-1.0,1
101,207,0.0,1
129,207,0.0,1
129,207,-1.0,1
60,207,1.0,0
34,207,-1.0,1
165,207,0.0,1
185,207,2.0,0
165,207,0.0,1
35,207,0.0,1
170,207,1.0,1
170,207,1.0,0
170,207,0.0,1
34,207,-1.0,1
52,207,2.0,0
170,207,-1.0,1
34,207,0.0,1
180,207,2.0,1
172,207,1.0,0
185,207,2.0,0
165,207,0.0,1
121,207,0.0,1
123,207,1.0,1
123,207,0.0,1
123,207,1.0,1
123,207,1.0,1
132,207,1.0,0
247,207,1.0,0
165,207,1.0,1
140,207,0.0,1
101,207,1.0,1
140,207,0.0,1
165,207,0.0,1
247,207,0.0,0
34,207,-1.0,1
247,207,2.0,0
165,207,0.0,1
170,207,0.0,0
123,207,2.0,1
101,207,2.0,0
96,207,1.0,1
165,208,0.0,1
132,208,0.0,0
140,208,1.0,1
170,209,-1.0,1
101,209,0.0,1
165,209,0.0,1
34,209,-1.0,1
185,209,1.0,1
52,209,0.0,1
170,209,0.0,1
133,209,-1.0,1
165,209,-1.0,1
60,209,1.0,0
132,209,0.0,0
52,210,1.0,1
7,210,0.0,1
154,210,1.0,0
34,210,-1.0,1
185,210,1.0,1
129,210,0.0,1
165,210,0.0,1
101,210,0.0,1
97,210,1.0,1
165,210,0.0,1
165,210,0.0,1
101,210,1.0,1
101,210,0.0,1
165,210,0.0,1
165,210,2.0,0
133,210,0.0,1
30,211,1.0,1
34,211,-1.0,1
101,212,2.0,0
132,213,0.0,1
132,213,1.0,0
247,213,0.0,1
194,214,2.0,1
123,214,1.0,1
165,214,-1.0,1
154,215,1.0,0
165,215,0.0,0
165,215,0.0,1
132,215,1.0,0
101,215,0.0,1
34,216,0.0,1
165,216,1.0,0
101,216,1.0,1
52,217,1.0,1
129,217,0.0,1
132,217,1.0,0
52,217,0.0,1
170,217,1.0,1
132,217,0.0,0
165,217,0.0,1
172,217,2.0,0
52,217,1.0,1
238,217,0.0,1
30,217,1.0,0
97,217,1.0,1
258,217,2.0,0
180,218,1.0,1
180,218,0.0,1
165,218,2.0,1
132,218,0.0,1
52,219,-1.0,1
34,219,-2.0,1
165,219,-1.0,1
52,219,1.0,1
165,220,1.0,1
3,221,1.0,1
34,221,-1.0,1
247,221,0.0,0
34,221,2.0,1
34,222,-2.0,1
181,223,1.0,1
170,223,-1.0,1
219,223,-1.0,1
165,223,0.0,0
132,223,0.0,1
19,223,1.0,1
132,223,0.0,0
34,223,0.0,1
101,223,0.0,1
101,223,0.0,1
224,223,0.0,1
101,223,0.0,1
165,223,0.0,1
170,223,0.0,1
166,223,1.0,1
47,223,0.0,1
34,223,-1.0,1
34,223,-1.0,1
47,223,1.0,1
101,224,1.0,1
165,224,1.0,1
30,225,0.0,1
123,225,1.0,1
3,225,2.0,0
165,225,0.0,1
165,226,1.0,1
132,226,1.0,0
192,226,1.0,1
237,226,2.0,1
3,227,1.0,1
3,228,1.0,1
132,228,0.0,0
101,228,0.0,1
165,228,1.0,1
34,228,0.0,1
185,229,2.0,0
165,229,0.0,1
165,229,2.0,0
101,229,0.0,1
34,229,1.0,1
101,229,1.0,1
97,230,1.0,1
121,231,0.0,1
34,231,-1.0,1
3,231,1.0,1
3,231,1.0,1
30,231,1.0,0
221,231,2.0,0
34,231,-1.0,1
30,231,1.0,1
192,231,1.0,0
170,232,1.0,0
280,232,0.0,1
34,233,-1.0,1
39,233,-1.0,1
34,233,-1.0,1
140,233,0.0,1
34,233,-2.0,1
3,233,1.0,1
247,233,0.0,0
165,233,0.0,1
165,233,0.0,1
34,233,-1.0,1
34,233,-1.0,1
34,233,-1.0,1
34,233,-1.0,1
165,233,1.0,1
57,233,0.0,1
97,233,1.0,1
39,234,-2.0,0
165,236,0.0,1
101,236,0.0,1
239,236,1.0,1
239,236,2.0,1
232,236,0.0,1
132,236,0.0,1
3,236,1.0,1
101,236,-1.0,1
101,236,0.0,1
235,236,-2.0,1
192,236,1.0,1
30,236,-2.0,0
34,236,-1.0,1
97,236,1.0,1
97,236,1.0,1
97,236,1.0,1
97,236,1.0,1
34,236,-2.0,0
34,236,-2.0,0
57,236,-2.0,1
34,236,-2.0,0
34,236,-2.0,0
34,236,-2.0,0
34,236,-2.0,0
34,236,-2.0,0
34,236,-2.0,0
34,236,-2.0,0
34,236,-2.0,0
34,236,-2.0,0
180,237,2.0,0
3,237,1.0,0
3,237,1.0,0
34,237,1.0,1
107,237,1.0,1
132,237,1.0,1
165,237,1.0,1
165,237,1.0,1
192,238,2.0,1
101,238,0.0,1
34,238,0.0,1
34,238,1.0,1
30,238,0.0,1
52,238,1.0,1
121,238,0.0,1
165,238,1.0,1
192,238,1.0,1
34,238,0.0,1
433,238,1.0,1
3,239,2.0,0
185,239,2.0,0
247,240,2.0,0
247,240,1.0,0
3,241,1.0,0
247,241,1.0,1
247,241,0.0,1
96,241,0.0,1
3,242,1.0,0
3,243,1.0,1
247,243,0.0,1
34,244,-1.0,1
34,244,-2.0,1
140,244,0.0,1
166,244,2.0,1
165,244,1.0,1
247,244,1.0,0
34,244,-1.0,1
34,244,-1.0,1
132,244,0.0,1
123,244,-1.0,1
132,244,0.0,1
247,244,-1.0,0
226,244,1.0,1
226,244,0.0,1
34,244,0.0,1
34,244,-1.0,1
247,244,1.0,0
57,244,0.0,1
34,245,1.0,1
247,245,1.0,1
3,246,0.0,1
3,246,0.0,1
30,246,0.0,0
34,246,-2.0,1
34,246,-2.0,1
34,246,-2.0,1
226,246,0.0,1
96,246,1.0,1
5,246,0.0,1
34,246,-2.0,1
96,246,0.0,1
34,246,-1.0,1
34,246,-2.0,1
34,246,-1.0,1
34,246,-2.0,1
247,246,1.0,1
247,246,0.0,1
34,246,-1.0,1
247,246,1.0,1
247,246,-1.0,1
34,246,-1.0,1
108,246,0.0,1
34,246,-2.0,1
34,246,-2.0,1
39,246,-2.0,0
34,246,-2.0,1
39,246,-2.0,0
123,247,2.0,1
3,247,2.0,0
3,247,1.0,1
140,247,0.0,1
121,247,0.0,1
97,247,1.0,1
180,247,1.0,1
165,247,0.0,1
238,247,0.0,1
175,247,1.0,1
52,247,2.0,1
123,247,2.0,0
123,247,2.0,0
30,247,0.0,1
30,247,0.0,1
140,247,1.0,1
192,247,2.0,0
170,247,1.0,1
170,247,0.0,1
170,247,0.0,1
97,247,1.0,1
19,247,2.0,0
97,247,1.0,1
97,247,1.0,1
57,247,0.0,1
123,247,2.0,1
132,247,2.0,0
132,247,1.0,0
30,248,0.0,1
132,248,1.0,0
132,249,1.0,0
238,250,1.0,0
238,250,1.0,0
52,250,2.0,0
121,250,0.0,1
158,251,0.0,1
280,251,1.0,1
247,251,1.0,0
34,252,2.0,0
3,253,1.0,0
123,253,2.0,0
221,253,2.0,0
170,253,-1.0,1
19,253,2.0,1
97,253,1.0,1
170,253,0.0,1
192,254,1.0,0
180,255,2.0,1
3,255,2.0,0
140,256,0.0,1
34,256,0.0,1
34,256,0.0,1
34,256,-1.0,1
34,257,-1.0,1
3,258,2.0,0
132,258,1.0,0
34,258,0.0,1
97,258,2.0,0
97,259,2.0,1
121,259,0.0,1
170,259,-2.0,0
34,259,-2.0,0
14,260,-1.0,1
34,260,-2.0,0
34,260,-2.0,0
39,260,-1.0,0
34,260,-2.0,0
39,260,-1.0,1
34,260,-2.0,0
247,260,1.0,0
34,260,-2.0,0
34,260,-1.0,1
165,260,0.0,1
247,260,1.0,0
34,260,-2.0,0
132,261,1.0,0
132,261,0.0,1
57,262,1.0,1
174,262,0.0,1
433,263,1.0,1
433,263,2.0,0
30,264,-1.0,1
34,264,-1.0,1
34,264,-1.0,1
140,264,0.0,1
30,264,-2.0,1
140,264,0.0,1
101,264,0.0,1
140,264,0.0,1
166,264,0.0,1
34,264,-2.0,1
247,264,0.0,0
34,264,-1.0,1
101,264,1.0,1
97,264,2.0,1
34,264,-1.0,1
34,264,0.0,1
165,264,0.0,1
101,264,1.0,1
165,264,0.0,1
19,264,1.0,1
113,264,0.0,1
34,264,0.0,1
226,264,1.0,1
5,264,1.0,1
34,264,-1.0,1
34,265,-1.0,1
140,265,1.0,1
30,265,1.0,1
132,265,0.0,0
247,265,2.0,1
34,266,-1.0,1
34,266,-1.0,1
97,266,0.0,1
0,266,2.0,0
97,266,2.0,1
165,266,1.0,1
165,266,-1.0,1
97,266,0.0,1
34,266,-1.0,1
132,266,0.0,1
140,266,0.0,1
140,266,-1.0,1
34,266,-2.0,1
34,266,-1.0,1
34,266,-1.0,1
165,266,0.0,1
159,266,0.0,1
34,266,-2.0,1
170,266,0.0,1
34,266,-1.0,1
34,266,-1.0,1
34,266,-1.0,1
34,266,-1.0,1
175,266,0.0,1
159,266,1.0,1
34,266,-2.0,1
97,267,0.0,1
101,267,0.0,1
166,267,2.0,1
237,267,2.0,0
34,267,0.0,1
132,267,0.0,0
132,267,-1.0,1
30,267,1.0,1
34,267,-1.0,1
271,267,1.0,1
271,267,0.0,1
0,267,2.0,0
34,267,0.0,1
271,267,0.0,1
140,267,0.0,1
140,267,0.0,1
14,267,1.0,1
19,267,1.0,1
165,267,2.0,0
123,267,2.0,0
165,267,1.0,1
237,267,2.0,1
97,267,0.0,1
57,267,1.0,1
247,268,1.0,0
34,268,0.0,1
140,268,1.0,0
165,268,2.0,1
258,268,0.0,1
132,268,1.0,1
165,268,1.0,1
132,268,0.0,1
192,268,1.0,1
165,269,0.0,1
34,269,-2.0,1
30,269,-2.0,0
34,269,-2.0,0
34,269,-2.0,0
140,269,0.0,1
34,269,-2.0,0
34,269,-1.0,1
34,269,-1.0,1
34,269,-2.0,1
34,269,-2.0,0
39,269,-2.0,0
34,269,-2.0,0
34,269,-2.0,1
165,269,0.0,1
123,269,0.0,1
153,269,0.0,1
123,269,0.0,1
153,269,0.0,1
165,269,0.0,1
101,269,-1.0,1
165,269,-2.0,0
34,269,-2.0,1
165,269,0.0,1
97,269,0.0,1
34,269,-1.0,1
34,269,-2.0,1
34,269,-2.0,1
97,269,0.0,1
165,269,-1.0,1
123,269,-1.0,1
34,269,-1.0,1
45,269,-1.0,0
170,269,-2.0,1
34,269,-2.0,1
34,269,-1.0,1
34,269,-2.0,1
226,269,0.0,1
247,269,1.0,0
153,269,0.0,0
165,269,-2.0,0
34,269,-2.0,1
113,269,-2.0,1
34,269,-2.0,0
247,269,1.0,0
34,269,-2.0,1
114,269,-1.0,1
247,269,1.0,0
34,269,-1.0,1
45,269,-1.0,0
34,269,-2.0,1
192,269,0.0,1
34,269,-2.0,1
34,269,-1.0,1
39,269,-1.0,0
226,269,0.0,1
247,269,-1.0,0
34,269,-2.0,1
214,269,0.0,1
247,269,-1.0,0
34,269,-2.0,0
280,269,2.0,0
34,269,-2.0,1
34,269,-2.0,0
170,270,0.0,1
34,271,0.0,1
30,271,1.0,1
19,272,2.0,1
132,273,1.0,1
165,273,1.0,1
97,273,2.0,0
19,273,1.0,1
5,273,2.0,0
247,274,-1.0,1
140,275,0.0,1
166,276,-1.0,1
247,276,1.0,1
129,276,0.0,1
0,277,2.0,0
175,277,1.0,1
192,277,1.0,1
97,277,1.0,1
172,277,1.0,0
45,277,0.0,0
101,277,1.0,1
192,277,1.0,1
247,277,0.0,0
166,277,1.0,1
247,278,1.0,1
5,278,2.0,1
247,278,1.0,1
170,278,-1.0,1
34,279,0.0,1
192,279,1.0,0
34,281,-1.0,1
226,282,0.0,1
45,282,1.0,0
192,282,1.0,1
237,282,1.0,1
237,282,2.0,1
237,282,2.0,1
132,282,1.0,0
132,282,1.0,0
34,283,0.0,1
132,284,0.0,1
247,284,1.0,0
247,284,1.0,0
97,284,1.0,1
34,284,-1.0,1
34,284,-1.0,1
107,284,2.0,0
280,284,2.0,0
34,284,-1.0,0
280,284,2.0,0
0,285,2.0,0
192,285,1.0,1
280,285,1.0,1
165,285,0.0,1
170,285,1.0,1
165,285,0.0,1
192,285,1.0,1
165,285,1.0,1
45,285,0.0,0
123,285,0.0,1
45,285,0.0,0
165,286,0.0,1
123,286,0.0,1
192,287,1.0,0
165,287,-1.0,1
34,287,0.0,1
165,287,0.0,1
165,287,-1.0,1
226,287,1.0,1
172,287,2.0,0
132,287,0.0,1
165,287,0.0,0
34,287,-1.0,1
267,287,1.0,1
267,287,-1.0,1
267,287,0.0,1
34,287,-1.0,1
97,287,2.0,0
97,287,2.0,0
267,287,1.0,1
123,287,1.0,1
247,287,1.0,0
123,287,2.0,1
97,287,2.0,0
97,287,1.0,1
192,287,2.0,0
165,287,1.0,1
247,287,1.0,0
214,287,0.0,1
247,287,1.0,0
214,287,1.0,1
267,287,0.0,1
226,287,1.0,0
132,287,0.0,1
280,287,2.0,1
280,287,2.0,0
214,287,1.0,1
174,287,1.0,1
214,287,-1.0,1
174,287,2.0,0
267,287,2.0,0
247,287,1.0,0
247,287,1.0,0
247,287,1.0,0
132,287,0.0,1
5,287,1.0,1
5,287,-1.0,1
5,287,2.0,0
97,287,1.0,1
166,287,1.0,1
132,287,2.0,0
165,288,0.0,1
34,288,-1.0,1
165,288,-1.0,1
97,289,1.0,1
247,289,0.0,1
247,289,0.0,1
247,289,1.0,1
3,290,1.0,1
132,291,1.0,0
267,291,0.0,1
73,291,1.0,1
34,291,-1.0,1
132,291,1.0,1
247,291,1.0,1
247,291,1.0,1
247,291,1.0,1
247,291,0.0,1
247,291,-1.0,1
132,291,1.0,0
97,291,2.0,1
57,291,0.0,1
166,291,-1.0,1
132,291,1.0,0
247,291,0.0,1
247,291,0.0,1
57,291,-1.0,1
14,291,1.0,1
45,292,-1.0,0
101,292,-1.0,1
280,292,1.0,0
170,292,-2.0,1
34,292,-1.0,1
247,292,0.0,1
192,293,1.0,1
247,293,0.0,0
34,293,0.0,1
280,294,2.0,0
5,294,2.0,0
5,294,2.0,0
47,294,0.0,1
47,294,1.0,1
47,294,0.0,1
39,294,-2.0,1
192,296,-1.0,0
153,296,1.0,1
247,296,1.0,0
34,296,-1.0,1
34,296,-1.0,1
165,296,0.0,1
113,296,0.0,1
132,296,0.0,0
226,296,1.0,1
34,296,-1.0,1
165,296,-1.0,1
114,296,0.0,1
165,296,1.0,1
34,296,-1.0,1
221,296,1.0,1
34,296,-1.0,1
121,296,-1.0,1
121,296,1.0,0
165,296,0.0,1
121,296,0.0,1
192,296,1.0,1
267,296,0.0,1
132,296,0.0,0
45,296,1.0,0
132,296,0.0,1
170,296,0.0,1
226,296,0.0,0
247,296,1.0,0
132,296,0.0,0
132,296,1.0,0
5,296,2.0,1
132,296,0.0,1
132,296,0.0,1
5,296,2.0,0
34,296,-1.0,1
132,296,1.0,0
247,296,-1.0,1
96,296,0.0,1
107,296,2.0,0
34,296,-1.0,1
57,296,1.0,1
247,296,0.0,1
247,297,0.0,0
132,298,1.0,0
132,298,0.0,0
96,299,1.0,1
34,299,-1.0,1
14,299,0.0,1
306,300,1.0,1
247,300,1.0,1
170,301,0.0,1
34,301,0.0,1
5,301,1.0,1
166,301,1.0,1
5,301,1.0,1
34,301,-1.0,1
47,301,1.0,1
34,302,-1.0,1
132,303,1.0,0
192,303,1.0,0
34,303,0.0,1
247,303,1.0,0
247,303,1.0,0
170,303,-1.0,1
34,303,2.0,0
34,304,0.0,1
132,305,1.0,0
96,307,0.0,1
114,308,2.0,1
132,308,2.0,1
132,308,1.0,0
34,308,-1.0,1
34,308,-1.0,1
5,308,1.0,1
34,308,0.0,1
247,309,0.0,0
267,309,0.0,1
34,310,-2.0,1
226,310,-1.0,1
247,310,0.0,0
247,310,0.0,0
247,310,1.0,0
45,310,0.0,0
34,310,-1.0,1
101,310,1.0,1
226,310,1.0,1
280,310,2.0,0
247,310,1.0,0
247,310,1.0,0
132,310,0.0,1
132,310,1.0,1
21,310,-1.0,1
5,310,0.0,1
247,311,1.0,1
132,312,1.0,0
34,312,0.0,1
132,312,0.0,1
132,312,0.0,1
132,312,1.0,0
132,312,0.0,1
166,312,1.0,1
247,312,1.0,0
34,312,0.0,1
247,312,1.0,1
247,312,-1.0,1
247,312,1.0,1
247,312,0.0,1
267,312,1.0,1
247,312,1.0,1
294,312,1.0,1
5,312,1.0,1
5,312,1.0,1
166,312,2.0,0
34,312,0.0,1
5,312,1.0,1
166,312,0.0,1
132,312,0.0,1
34,312,0.0,1
97,312,0.0,1
132,312,1.0,0
132,312,1.0,0
34,312,0.0,1
97,312,2.0,0
247,312,2.0,0
34,313,0.0,1
247,313,1.0,0
34,313,0.0,1
34,313,0.0,1
101,313,1.0,1
73,313,2.0,1
45,313,-1.0,0
73,313,1.0,1
101,313,0.0,1
132,313,1.0,0
132,313,1.0,1
101,313,1.0,1
132,313,-1.0,1
132,313,0.0,1
132,313,1.0,0
133,313,2.0,1
34,313,1.0,1
247,313,1.0,0
132,313,0.0,0
174,313,0.0,1
45,313,0.0,0
132,313,2.0,0
5,313,2.0,0
132,314,1.0,0
132,315,1.0,0
133,315,2.0,0
133,315,0.0,1
247,315,1.0,0
34,315,2.0,1
247,315,1.0,1
34,315,0.0,1
34,315,1.0,1
34,315,1.0,1
34,315,2.0,1
34,316,-2.0,1
34,316,-2.0,1
132,317,1.0,0
247,317,1.0,0
47,317,0.0,1
21,317,1.0,1
57,318,0.0,1
34,318,-1.0,1
132,318,0.0,1
34,318,-1.0,1
247,319,1.0,0
294,319,1.0,1
34,319,-1.0,1
247,319,1.0,0
34,319,0.0,1
21,320,1.0,1
34,320,0.0,1
247,321,1.0,0
280,321,2.0,0
34,321,0.0,1
34,321,-1.0,1
247,322,1.0,0
170,322,-1.0,0
34,322,-1.0,1
34,322,0.0,1
47,323,1.0,1
247,324,1.0,0
247,324,1.0,0
226,324,1.0,1
247,324,0.0,1
132,324,0.0,0
5,324,1.0,1
57,324,1.0,1
34,324,0.0,1
132,324,1.0,0
108,324,1.0,1
267,324,1.0,1
267,324,0.0,1
132,324,1.0,0
47,324,1.0,1
267,324,2.0,0
5,324,1.0,1
267,324,1.0,1
174,324,0.0,1
226,324,1.0,1
226,324,1.0,1
132,324,1.0,0
57,324,1.0,1
132,325,1.0,0
247,325,1.0,0
34,325,0.0,1
247,325,-1.0,1
132,325,1.0,0
97,325,2.0,1
174,325,0.0,1
267,325,1.0,1
166,325,1.0,1
247,325,2.0,0
34,325,1.0,1
247,325,1.0,1
247,326,1.0,0
247,326,1.0,0
247,326,1.0,0
247,326,1.0,0
247,326,1.0,0
5,326,2.0,1
132,326,0.0,1
132,326,1.0,0
132,326,1.0,1
132,326,0.0,1
34,326,1.0,1
170,326,1.0,1
247,326,1.0,1
34,326,0.0,1
108,326,1.0,1
108,326,1.0,1
97,326,1.0,1
34,326,0.0,1
247,326,1.0,1
132,326,1.0,0
96,326,1.0,1
247,326,1.0,1
247,326,1.0,1
247,326,1.0,1
226,326,1.0,0
166,326,1.0,1
39,326,0.0,1
247,326,1.0,1
247,326,0.0,1
34,326,-1.0,1
97,327,1.0,1
34,327,0.0,1
5,327,1.0,1
247,327,1.0,0
247,328,1.0,1
34,329,-1.0,1
247,329,0.0,1
34,329,0.0,1
96,329,0.0,1
34,329,0.0,1
34,329,-1.0,1
34,329,-1.0,1
247,329,2.0,1
34,329,1.0,1
34,329,0.0,1
34,329,0.0,1
5,330,1.0,1
5,330,2.0,1
5,330,1.0,1
34,330,2.0,1
247,331,0.0,1
247,331,1.0,1
247,331,1.0,1
34,332,0.0,1
34,332,0.0,1
247,332,1.0,1
247,332,1.0,1
5,333,1.0,1
34,333,1.0,1
247,333,2.0,0
132,333,1.0,0
267,333,2.0,1
247,333,1.0,1
5,333,2.0,1
97,333,2.0,0
97,333,2.0,1
97,333,2.0,0
97,333,1.0,1
47,333,1.0,1
5,333,1.0,1
267,333,0.0,1
247,333,1.0,1
170,334,-1.0,0
108,335,1.0,1
34,335,0.0,1
247,336,1.0,1
247,337,0.0,1
226,338,1.0,1
247,338,1.0,1
247,339,2.0,0
247,339,0.0,1
5,339,1.0,1
5,339,1.0,1
247,339,1.0,1
247,340,1.0,1
247,340,1.0,1
271,340,1.0,1
57,340,1.0,1
5,340,1.0,1
247,340,1.0,1
34,340,1.0,1
57,340,1.0,1
247,340,0.0,1
247,340,1.0,1
247,341,0.0,1
247,342,0.0,1
247,342,1.0,1
170,342,0.0,1
57,342,0.0,1
132,342,1.0,0
57,342,0.0,1
132,342,1.0,1
226,342,1.0,1
247,342,1.0,1
226,342,1.0,1
132,342,0.0,1
132,342,1.0,0
34,342,0.0,1
132,342,0.0,1
34,342,1.0,1
34,342,-1.0,1
166,342,1.0,1
247,342,0.0,1
34,342,-1.0,1
132,342,0.0,1
34,342,-1.0,1
34,342,-1.0,1
57,342,1.0,1
166,342,-1.0,1
34,342,-1.0,1
166,342,0.0,1
174,342,-2.0,1
97,342,1.0,1
247,342,1.0,1
5,342,1.0,1
5,342,2.0,0
247,342,1.0,0
247,342,0.0,1
132,342,1.0,1
97,342,2.0,1
247,343,-1.0,1
34,343,-1.0,1
34,343,-1.0,1
247,344,1.0,0
247,344,1.0,1
34,346,-1.0,1
132,346,0.0,1
96,346,0.0,1
247,346,1.0,1
247,346,0.0,1
247,347,-1.0,1
34,347,-2.0,1
34,347,-1.0,1
34,347,-2.0,0
34,347,-1.0,1
247,347,1.0,1
34,347,0.0,1
34,347,-2.0,0
247,347,-1.0,0
247,347,-1.0,0
34,347,-1.0,1
247,347,-2.0,1
34,347,-2.0,1
34,347,-2.0,1
247,348,1.0,1
57,349,1.0,1
47,350,1.0,1
132,350,2.0,0
5,350,1.0,1
57,350,0.0,1
107,350,2.0,0
132,350,1.0,0
34,350,1.0,1
247,350,2.0,0
57,350,1.0,1
5,351,1.0,1
132,351,1.0,1
132,351,1.0,0
174,351,0.0,1
96,351,1.0,1
132,351,0.0,1
57,351,1.0,1
97,351,2.0,1
226,351,1.0,1
107,351,0.0,0
226,351,1.0,1
247,351,1.0,1
247,351,1.0,1
226,351,1.0,1
132,351,0.0,1
57,351,1.0,1
34,351,1.0,1
132,351,1.0,0
132,351,2.0,0
57,351,1.0,1
247,351,0.0,1
132,351,0.0,1
132,351,1.0,1
132,351,1.0,0
57,351,1.0,1
247,351,0.0,1
247,351,1.0,1
132,351,1.0,0
132,351,1.0,1
34,351,0.0,1
132,351,2.0,0
247,351,1.0,1
247,351,1.0,1
247,351,1.0,1
247,351,1.0,1
247,351,1.0,1
247,351,0.0,1
247,351,1.0,1
5,351,1.0,1
97,351,1.0,1
5,351,1.0,1
247,351,0.0,1
57,351,1.0,1
34,352,0.0,1
247,352,1.0,1
5,352,1.0,1
34,352,1.0,1
247,352,1.0,0
132,352,1.0,0
166,352,2.0,1
247,352,1.0,0
57,352,1.0,1
247,353,1.0,1
247,353,0.0,1
247,353,1.0,1
280,353,2.0,0
57,354,0.0,1
5,354,1.0,1
34,354,-1.0,1
57,354,0.0,1
132,354,0.0,1
57,354,0.0,1
247,354,0.0,1
5,354,1.0,1
247,354,1.0,1
247,354,0.0,1
166,354,0.0,1
129,354,1.0,1
132,354,0.0,1
108,354,1.0,1
108,354,1.0,1
247,354,0.0,1
247,355,1.0,1
267,355,-1.0,1
34,355,0.0,1
57,355,0.0,1
34,355,0.0,1
247,355,1.0,1
132,355,2.0,0
247,355,0.0,1
34,355,0.0,1
247,355,1.0,1
34,355,1.0,1
247,356,1.0,1
247,357,0.0,1
247,357,-1.0,1
57,357,0.0,1
5,358,2.0,0
107,358,2.0,0
34,358,1.0,1
97,358,0.0,1
132,358,1.0,1
247,359,0.0,1
57,359,1.0,1
174,359,2.0,0
34,359,1.0,1
132,359,1.0,0
247,359,1.0,0
166,360,2.0,1
132,360,1.0,1
57,360,0.0,1
132,360,1.0,1
247,360,2.0,1
97,360,2.0,1
247,360,2.0,0
247,360,1.0,1
247,360,1.0,1
247,360,0.0,1
247,360,0.0,1
247,360,1.0,1
247,360,2.0,1
247,360,1.0,1
247,360,1.0,1
247,360,0.0,1
247,360,1.0,1
247,360,1.0,1
247,360,2.0,1
166,360,2.0,1
5,360,1.0,1
166,360,2.0,1
166,360,2.0,1
166,360,1.0,1
247,360,2.0,1
5,360,1.0,1
97,360,2.0,1
247,360,1.0,1
247,360,1.0,1
247,360,1.0,1
34,361,0.0,1
247,362,1.0,1
97,362,2.0,1
247,362,1.0,1
247,363,1.0,1
129,363,0.0,1
166,364,0.0,1
34,364,-2.0,0
34,364,-2.0,0
34,364,-2.0,0
34,364,-2.0,0
34,364,-2.0,0
34,364,-2.0,0
247,365,0.0,1
247,365,1.0,1
132,365,1.0,0
166,366,0.0,1
57,366,0.0,1
247,366,-1.0,1
247,366,0.0,1
247,366,1.0,0
166,366,0.0,1
247,366,2.0,0
132,366,1.0,1
34,366,0.0,1
34,366,-1.0,1
57,367,0.0,1
97,367,1.0,1
247,367,0.0,1
247,367,0.0,1
247,368,1.0,1
247,369,0.0,1
57,370,-1.0,1
247,371,1.0,1
97,372,1.0,1
34,373,-2.0,0
34,373,-2.0,0
34,373,-2.0,0
34,373,-2.0,0
247,373,1.0,1
34,373,-2.0,0
34,373,-2.0,0
247,373,0.0,1
34,373,-2.0,0
34,373,-2.0,0
97,374,2.0,0
129,374,1.0,1
132,374,2.0,0
97,374,0.0,1
267,374,0.0,1
267,374,1.0,1
57,374,0.0,1
247,374,2.0,0
132,375,1.0,0
34,375,-1.0,1
57,376,0.0,1
132,376,1.0,0
247,376,1.0,1
108,376,1.0,1
97,376,1.0,1
132,376,1.0,0
34,376,0.0,1
34,376,0.0,1
97,376,1.0,1
97,376,1.0,1
247,376,0.0,1
57,377,1.0,1
267,378,1.0,1
107,378,1.0,1
267,378,0.0,1
247,378,1.0,0
132,378,0.0,1
5,379,1.0,1
57,379,2.0,0
34,379,0.0,1
97,379,1.0,1
97,379,2.0,0
97,380,1.0,1
3,381,1.0,1
132,382,1.0,1
166,382,2.0,1
97,383,2.0,1
97,384,1.0,1
247,385,-1.0,1
132,386,1.0,1
267,386,-1.0,1
247,386,1.0,1
5,387,1.0,1
247,388,1.0,1
166,388,1.0,1
247,388,1.0,1
247,388,1.0,1
132,388,0.0,1
166,388,-1.0,1
14,389,1.0,1
5,389,2.0,0
5,390,0.0,1
5,390,1.0,1
97,390,1.0,1
34,391,-1.0,1
57,391,-1.0,1
111,392,0.0,1
166,392,1.0,1
132,392,1.0,0
132,392,0.0,1
97,392,2.0,1
97,393,1.0,1
34,393,0.0,1
170,393,0.0,1
247,393,0.0,1
5,394,2.0,0
166,394,2.0,1
132,394,0.0,1
14,394,1.0,1
247,394,1.0,1
166,394,-2.0,1
34,394,1.0,1
132,394,1.0,0
57,395,1.0,1
57,395,0.0,1
97,396,2.0,1
132,397,1.0,0
57,398,1.0,1
57,398,1.0,1
57,398,1.0,1
3,399,1.0,1
39,399,-2.0,0
39,399,-2.0,0
170,400,-1.0,1
34,401,-2.0,0
34,401,-2.0,1
34,402,1.0,1
34,402,1.0,1
247,402,2.0,0
247,402,1.0,1
247,402,1.0,0
107,402,2.0,0
247,402,0.0,1
132,402,1.0,0
132,402,1.0,0
132,402,2.0,0
247,402,1.0,1
132,402,0.0,1
132,402,1.0,0
267,402,2.0,0
247,402,0.0,1
247,402,-1.0,1
247,402,2.0,0
132,402,2.0,0
247,403,1.0,1
247,403,2.0,0
247,403,1.0,1
34,403,-1.0,1
247,403,1.0,0
107,404,2.0,0
247,404,1.0,1
132,404,1.0,0
132,405,1.0,0
247,406,2.0,1
247,406,0.0,1
111,406,-1.0,1
247,406,1.0,1
247,406,1.0,1
111,407,-1.0,1
34,407,-1.0,1
247,407,1.0,1
247,408,2.0,0
247,409,1.0,1
247,410,1.0,1
247,410,0.0,1
132,411,2.0,0
57,412,0.0,1
177,414,1.0,1
132,414,1.0,1
132,414,0.0,1
247,414,0.0,1
247,416,0.0,1
132,416,1.0,1
132,417,2.0,0
247,418,1.0,1
247,418,1.0,1
57,418,1.0,1
3,418,2.0,0
132,418,1.0,0
132,418,1.0,0
247,419,1.0,1
132,420,1.0,0
132,420,1.0,0
415,420,1.0,1
29,420,1.0,1
132,420,2.0,0
132,420,1.0,0
57,420,1.0,1
57,421,-1.0,1
34,421,-2.0,0
132,421,0.0,1
415,421,0.0,0
415,421,-1.0,0
34,421,-2.0,1
34,421,-1.0,1
3,422,1.0,1
132,423,1.0,0
57,423,0.0,1
57,424,0.0,1
57,424,0.0,1
433,425,0.0,1
3,426,1.0,1
221,426,0.0,1
57,426,1.0,1
39,426,-1.0,1
221,427,1.0,1
57,427,1.0,1
57,427,1.0,1
57,427,1.0,1
267,427,1.0,1
5,427,2.0,1
263,427,2.0,0
263,427,2.0,1
247,427,0.0,1
247,427,2.0,1
247,427,1.0,1
247,427,1.0,1
132,427,0.0,1
60,427,2.0,0
238,427,0.0,0
247,427,1.0,1
247,427,1.0,1
132,427,1.0,1
57,428,1.0,1
3,428,1.0,1
170,428,0.0,1
57,429,1.0,1
420,430,1.0,1
420,432,1.0,0
420,432,1.0,0
420,432,1.0,0
420,432,1.0,1
247,432,1.0,1
57,433,1.0,1
271,434,1.0,1
5,435,1.0,1
247,436,1.0,1
247,437,1.0,1
